ABE,DTW,93,313,1383
ABE,ATL,122,565,1780
ABI,DFW,52,137,4455
ABQ,HOU,120,474,1867
ABQ,DAL,99,332,3114
ABQ,ORD,173,547,1059
ABQ,DFW,106,319,3503
ABQ,PHX,71,319,4880
ABQ,ATL,186,487,1599
ABQ,SFO,150,512,662
ABQ,SAN,101,403,1225
ABQ,IAH,130,463,1614
ABQ,MDW,167,567,1286
ABQ,PDX,159,460,457
ABQ,SLC,94,398,1893
ABQ,OAK,134,611,1583
ABQ,MCI,114,351,628
ABR,MSP,70,255,1320
ACT,DFW,44,139,3079
ACV,SFO,72,327,2535
ACY,RSW,149,709,953
ACY,MYR,82,224,650
ACY,FLL,150,603,1620
ACY,MCO,136,455,1574
ACY,PBI,144,444,306
ACY,TPA,142,433,661
ACY,BOS,75,228,361
ACY,ATL,118,324,354
AEX,DFW,72,238,1882
AEX,ATL,99,406,2424
ALB,MCO,164,804,1352
ALB,ORD,127,566,1702
ALB,FLL,181,751,683
ALB,CLT,125,562,1395
ALB,BWI,70,236,3319
ALB,TPA,169,563,760
ALB,ATL,143,404,1860
ALB,LAS,295,988,546
ALB,IAD,97,444,3
ALB,RSW,190,915,10
ALO,ORD,70,306,1166
AMA,DEN,80,379,1105
AMA,DAL,67,217,2381
AMA,IAH,102,509,1759
ANC,SEA,205,882,12705
ANC,PDX,215,820,1820
ANC,PHX,334,1046,775
ANC,MSP,326,858,1146
ANC,OTZ,92,259,961
ANC,SCC,102,504,835
ANC,OGG,358,1133,132
ANC,OME,90,415,948
ANC,BET,72,342,1759
ANC,HNL,361,1655,548
ANC,ADK,175,485,177
ANC,LAS,311,1538,168
ANC,KOA,362,1662,88
ANC,ADQ,55,161,874
ANC,IAH,411,1716,163
ANC,DLG,64,256,154
ANC,AKN,59,192,126
ASE,DEN,52,168,2045
ASE,ORD,167,430,1150
ASE,LAX,127,422,1403
ASE,IAH,154,502,769
ASE,SFO,141,371,369
ASE,DFW,124,606,559
ATL,IAD,105,450,5216
ATL,IAH,123,382,7675
ATL,CLT,73,219,12534
ATL,DAL,124,528,5652
ATL,MDW,109,534,8885
ATL,TLH,63,197,4177
ATL,ROA,82,365,2918
ATL,AGS,54,139,4689
ATL,SRQ,90,343,3847
ATL,ICT,128,530,1923
ATL,ECP,65,225,4020
ATL,MSN,120,374,1777
ATL,FNT,117,333,1895
ATL,HPN,136,531,3623
ATL,JAC,222,649,203
ATL,LEX,75,276,4501
ATL,EVV,80,364,1898
ATL,XNA,108,379,3110
ATL,MTJ,203,867,70
ATL,ASE,201,655,186
ATL,LFT,100,308,2364
ATL,EGE,193,610,196
ATL,HDN,196,556,190
ATL,MYR,75,260,2819
ATL,GRK,133,427,1167
ATL,FAY,78,321,3229
ATL,HNL,539,1600,664
ATL,TUS,217,863,1227
ATL,ELP,186,718,1392
ATL,BMI,99,339,1720
ATL,GTR,67,289,1824
ATL,ABY,52,181,1730
ATL,TYS,55,230,3395
ATL,MHT,157,436,656
ATL,BTV,156,468,596
ATL,MBS,130,341,24
ATL,FAR,175,512,78
ATL,SCE,115,409,78
ATL,RAP,182,551,30
ATL,LNK,138,667,635
ATL,SJC,282,1266,548
ATL,AZO,115,516,35
ATL,LAN,121,461,27
ATL,ELM,130,596,28
ATL,FSD,150,465,656
ATL,PWM,158,491,1206
ATL,SMF,276,849,1104
ATL,RST,134,447,626
ATL,DSM,123,411,1837
ATL,ONT,263,1088,6
ATL,OAK,291,737,128
ATL,MSO,248,815,30
ATL,STX,233,1066,73
ATL,ANC,431,1598,203
ATL,FCA,251,808,49
ATL,TVC,129,510,65
ATW,ATL,128,570,823
ATW,ORD,61,291,2722
AUS,LAX,184,597,5143
AUS,DFW,60,269,9072
AUS,JFK,231,1040,3115
AUS,SFO,216,680,4048
AUS,IAH,56,209,4044
AUS,ATL,134,499,6275
AUS,BWI,196,671,1249
AUS,LGB,174,780,945
AUS,DEN,126,487,5750
AUS,PHL,215,917,529
AUS,LAS,162,493,2370
AUS,DAL,53,244,7632
AUS,PHX,135,648,3141
AUS,HOU,48,166,2585
AUS,EWR,223,673,1827
AUS,MDW,150,426,1716
AUS,FLL,165,478,1566
AUS,HRL,61,259,643
AUS,DCA,193,622,655
AUS,MSY,79,382,681
AUS,SLC,166,725,1169
AUS,BNA,120,568,1234
AUS,LBB,66,251,621
AUS,DTW,177,721,561
AUS,MIA,172,460,409
AUS,SNA,169,477,312
AUS,STL,115,358,312
AVL,ATL,56,279,3659
AVL,ORD,110,322,1384
AVP,ORD,121,453,973
AVP,ATL,122,328,644
AZO,ORD,53,150,2495
AZO,DTW,52,239,726
BDL,IAD,81,292,319
BDL,ATL,142,701,4615
BDL,DCA,79,310,1297
BDL,ORD,138,652,2890
BDL,MIA,188,758,741
BDL,DFW,220,629,1238
BDL,DEN,233,1161,677
BDL,RSW,180,562,777
BDL,CLT,120,314,3195
BDL,MCO,161,747,3280
BDL,DTW,104,509,2690
BDL,PBI,173,559,668
BDL,BWI,67,207,4292
BDL,TPA,168,602,1875
BDL,MDW,128,626,1712
BDL,PHL,67,314,9
BFL,DEN,149,609,1200
BFL,SFO,72,243,1285
BFL,PHX,93,431,1733
BHM,MIA,118,545,1069
BHM,ATL,53,198,6385
BHM,DFW,114,462,1188
BHM,IAH,109,445,3111
BHM,BWI,116,495,1156
BHM,TPA,81,351,1250
BHM,LAS,220,676,667
BHM,DAL,98,305,1353
BHM,HOU,98,269,1208
BHM,LGA,151,399,885
BIL,SLC,81,314,2112
BIL,SEA,118,393,26
BIS,DEN,100,477,2519
BIS,DFW,164,439,645
BIS,MSP,85,226,2976
BJI,MSP,61,152,1329
BLI,SEA,46,223,493
BLI,LAS,155,507,432
BLI,HNL,357,1232,306
BNA,DTW,92,410,3998
BNA,ATL,64,203,6411
BNA,LAX,249,677,3245
BNA,MIA,139,549,102
BNA,CVG,66,322,651
BNA,ORD,95,332,6770
BNA,LAS,218,570,1756
BNA,SLC,209,760,684
BNA,CLT,81,335,2548
BNA,STL,61,227,1239
BNA,DEN,157,469,4009
BNA,MSP,128,436,2047
BNA,LGA,137,557,4533
BNA,IAH,124,573,2304
BNA,PHX,202,591,1448
BNA,CHS,82,269,687
BNA,BWI,104,502,3653
BNA,DAL,103,382,1776
BNA,BOS,153,566,1251
BNA,CMH,70,186,1245
BNA,SAN,237,980,766
BNA,HOU,113,291,2410
BNA,JFK,146,427,614
BNA,IAD,114,520,62
BNA,MCI,88,258,2151
BNA,RSW,118,297,201
BNA,MOB,78,329,1
BNA,SEA,271,966,368
BOI,SFO,104,420,2739
BOI,LAX,129,628,1341
BOI,PHX,120,530,2169
BOI,ORD,221,798,1043
BOI,DEN,111,415,3825
BOI,IAH,217,602,650
BOI,OAK,90,229,1314
BOI,GEG,59,172,1159
BOI,MSP,170,792,1404
BOI,SEA,86,372,2051
BOI,PDX,76,270,121
BOS,MYR,122,499,643
BOS,MIA,198,745,4540
BOS,BWI,85,395,8597
BOS,DTW,118,366,6736
BOS,PBI,184,838,3143
BOS,JFK,74,339,9785
BOS,BUF,82,346,2439
BOS,EWR,74,366,8658
BOS,DFW,232,985,5962
BOS,LAX,351,1193,7935
BOS,MSP,174,842,3585
BOS,ATL,158,548,9183
BOS,PHL,85,316,10294
BOS,PHX,314,889,2791
BOS,CLT,135,506,7024
BOS,IAD,91,254,3963
BOS,FLL,193,889,4282
BOS,RIC,96,389,4447
BOS,PIT,97,373,2273
BOS,IAH,234,1001,3275
BOS,SAN,347,1274,1880
BOS,JAX,159,569,1345
BOS,HOU,234,689,1803
BOS,AUS,244,659,791
BOS,STT,243,712,318
BOS,DEN,249,1177,4723
BOS,SFO,359,1304,7586
BOS,LAS,321,1324,2005
BOS,SAV,144,584,653
BOS,SRQ,190,739,349
BOS,CLE,109,324,3573
BOS,CHS,136,419,667
BOS,MDW,144,389,2690
BOS,SLC,294,1210,1134
BOS,MSY,202,812,656
BOS,LGB,342,1673,540
BOS,SJC,354,1056,398
BOS,LGA,76,330,13304
BOS,CVG,134,457,553
BOS,ACK,46,169,232
BOS,OAK,356,1292,201
BOS,MVY,40,167,168
BOS,SMF,348,937,96
BOS,CMH,117,302,427
BOS,MSN,146,608,2
BPT,DFW,74,319,1820
BQK,ATL,65,307,1737
BQN,EWR,224,859,572
BQN,MCO,161,637,880
BRD,MSP,50,236,1161
BRO,IAH,74,368,2519
BRO,DFW,97,343,2005
BRW,FAI,81,312,322
BRW,ANC,112,447,506
BTM,SLC,78,328,1287
BTR,ATL,91,451,4961
BTR,DFW,86,220,4474
BTR,IAH,68,198,4539
BTR,DCA,152,552,2
BTV,JFK,75,337,1996
BTV,ORD,137,537,1026
BTV,LGA,74,218,88
BTV,IAD,103,431,13
BUF,JFK,82,214,4796
BUF,EWR,79,323,1013
BUF,CLT,106,425,2384
BUF,ORD,98,409,3846
BUF,FLL,176,871,1161
BUF,PHX,257,1192,663
BUF,ATL,119,377,3124
BUF,LAS,264,955,1086
BUF,RSW,171,613,154
BUF,MSP,119,303,392
BUR,SEA,147,491,2020
BUR,SFO,79,280,3088
BUR,DEN,140,598,2464
BUR,OAK,65,169,7249
BUR,SJC,60,191,4134
BUR,SLC,114,300,1653
BUR,SMF,68,328,4127
BWI,MIA,156,487,2164
BWI,DTW,89,273,4781
BWI,MSP,148,453,2055
BWI,ORD,120,330,4770
BWI,CLT,87,220,6652
BWI,FLL,148,453,7808
BWI,MCO,130,529,6093
BWI,DFW,187,865,3468
BWI,HOU,184,596,2062
BWI,SLC,259,983,1972
BWI,ATL,109,285,11504
BWI,STL,120,341,2357
BWI,DEN,214,1004,3744
BWI,ABQ,231,645,1002
BWI,MEM,129,523,763
BWI,RSW,148,490,2398
BWI,CHS,91,244,2000
BWI,JAX,113,383,2178
BWI,PIT,59,170,1872
BWI,PWM,86,235,1948
BWI,ROC,68,327,1409
BWI,DAY,81,244,1354
BWI,MHT,82,313,4323
BWI,MKE,112,425,1700
BWI,MDW,110,320,3791
BWI,SJU,244,635,1235
BWI,BUF,66,222,3531
BWI,ORF,53,191,2244
BWI,SDF,94,436,2215
BWI,OKC,175,584,650
BWI,MSY,153,659,1618
BWI,CVG,97,425,7
BWI,PDX,314,848,124
BZN,DEN,98,369,1702
BZN,ATL,231,1060,192
CAE,IAD,87,397,371
CAE,IAH,148,467,560
CAE,ATL,60,180,5347
CAE,ORD,125,560,1151
CAE,DFW,157,643,1857
CAE,LGA,129,497,788
CAK,MCO,134,509,1083
CAK,ATL,98,356,4046
CAK,BOS,102,305,585
CAK,ORD,83,338,2397
CAK,DCA,65,243,530
CAK,EWR,93,392,223
CAK,LAS,252,966,94
CDV,ANC,47,193,654
CHA,ATL,47,164,5401
CHA,DTW,105,380,899
CHO,ORD,113,505,1655
CHO,ATL,92,438,1839
CHS,EWR,121,304,2404
CHS,IAH,154,665,1135
CHS,MIA,100,426,497
CHS,ATL,69,302,6357
CHS,MDW,121,600,1070
CHS,HOU,142,576,673
CHS,DFW,169,565,474
CHS,OKC,155,514,1
CID,ATL,122,540,1739
CID,ORD,65,315,5254
CID,MSP,70,202,1386
CID,DFW,121,314,1954
CID,LAX,280,828,1
CIU,DTW,76,361,1192
CLD,LAX,46,200,1254
CLE,IAH,172,530,2293
CLE,FLL,166,744,1647
CLE,IAD,78,387,672
CLE,EWR,92,415,3048
CLE,ORD,80,234,7780
CLE,MCO,142,695,2750
CLE,DFW,162,737,3055
CLE,CLT,94,293,2296
CLE,PHX,245,1114,1446
CLE,ATL,102,507,5661
CLE,RSW,158,670,1232
CLE,SFO,289,1149,885
CLE,LGA,101,253,4914
CLE,MSP,113,491,1419
CLE,TPA,146,480,1067
CLE,LAX,280,1220,1598
CLE,DTW,51,130,1288
CLE,LAS,249,1046,2744
CLE,RDU,87,276,762
CLE,MDW,69,232,3540
CLE,JFK,103,280,562
CLE,BWI,71,338,2332
CLE,MKE,77,255,1498
CLE,BNA,83,394,1573
CLE,SJU,256,974,86
CLE,BDL,95,456,258
CLE,STL,95,443,953
CLE,MYR,99,316,336
CLE,SEA,276,794,301
CLE,CHS,112,351,22
CLL,DFW,56,276,3034
CLT,ORD,120,356,9184
CLT,DFW,156,520,7912
CLT,MDW,105,522,1233
CLT,SEA,314,1430,1660
CLT,SJU,222,727,1415
CLT,HOU,144,630,748
CLT,STT,225,1109,674
CLT,ILM,60,219,323
CLT,AUS,164,465,840
CLT,IAD,81,234,25
CLT,CHS,59,289,389
CLT,STX,233,993,58
CLT,MDT,91,265,246
CLT,CMH,79,365,40
CLT,GSO,50,245,285
CLT,MYR,59,227,12
CLT,DAB,86,240,10
CLT,SMF,299,1068,385
CLT,SDF,82,247,16
CLT,ABQ,205,900,190
CMH,MIA,162,762,1168
CMH,ATL,90,412,6503
CMH,LGA,106,316,2624
CMH,FLL,153,728,620
CMH,TPA,128,554,1345
CMH,DFW,151,678,2939
CMH,RSW,143,477,963
CMH,LAS,241,657,1238
CMH,PHX,233,745,2095
CMH,ORD,79,258,6446
CMH,JFK,110,423,1063
CMH,STL,77,329,1178
CMH,DEN,175,529,1568
CMH,MDW,66,201,3566
CMH,BWI,73,272,2779
CMH,MSP,114,533,931
CMH,DCA,71,267,579
CMH,OAK,279,900,228
CMI,DFW,128,614,641
CMI,ORD,56,268,3354
COD,DEN,89,310,605
COD,ORD,168,542,17
COS,IAH,140,537,1775
COS,DEN,44,154,4055
COS,ATL,177,721,609
COS,DFW,111,350,2105
COS,LAX,149,715,1277
COS,ORD,158,579,1817
COS,SEA,170,773,655
COS,SFO,165,676,10
COS,SLC,98,490,1185
COU,ORD,78,326,1236
COU,DFW,100,352,1261
CPR,DEN,64,257,1864
CPR,SLC,74,294,1627
CRP,IAH,62,156,4165
CRP,DFW,82,381,2793
CRW,ORD,92,322,1099
CRW,ATL,81,348,2577
CSG,ATL,43,125,2119
CVG,MIA,157,396,1198
CVG,ATL,85,304,4727
CVG,TPA,122,485,627
CVG,FLL,147,644,982
CVG,RSW,138,508,839
CVG,SLC,208,599,1043
CVG,ORD,77,198,7730
CVG,SEA,265,940,260
CVG,IAH,150,646,2124
CVG,LAX,260,1147,1061
CVG,DTW,68,317,830
CVG,DFW,144,469,4058
CVG,JFK,127,410,608
CVG,MCO,126,408,1770
CVG,MKE,79,340,696
CVG,PHX,222,571,193
CVG,SFO,274,808,458
CVG,LAS,233,834,1283
CVG,STL,75,191,97
CVG,LGA,122,493,195
CVG,MSN,84,271,72
CVG,CLT,88,285,165
CVG,MEM,88,423,212
CVG,XNA,106,511,370
CVG,RDU,85,299,18
CVG,BDL,124,451,26
CVG,MCI,101,450,146
CVG,PIT,73,283,12
CVG,RIC,84,306,2
CVG,DCA,92,440,60
CWA,ORD,68,215,2671
DAB,ATL,79,201,2965
DAL,IAH,67,194,924
DAL,MDW,128,514,3876
DAL,BWI,178,708,2140
DAL,LGA,210,557,4935
DAL,FLL,166,791,1712
DAL,STL,94,359,4163
DAL,DEN,112,498,2939
DAL,HOU,60,294,12116
DAL,TPA,141,590,1336
DAL,OKC,51,252,1841
DAL,MSY,80,335,4751
DAL,SNA,178,871,1060
DAL,MAF,67,288,2959
DAL,LBB,63,187,3052
DAL,ECP,109,455,303
DAL,MKE,135,401,471
DAL,SEA,236,837,684
DAL,PDX,225,726,471
DAL,CMH,140,475,473
DAL,IND,121,578,472
DAL,CHS,146,472,262
DAL,BOS,225,1059,226
DAL,PHL,192,662,226
DAL,CLT,146,382,226
DAL,PIT,156,667,227
DAY,DFW,144,603,1815
DAY,ORD,72,346,5051
DAY,LGA,117,329,725
DAY,DEN,162,616,906
DAY,ATL,91,371,2596
DAY,IAD,81,328,3
DBQ,ORD,56,263,1736
DCA,IAH,185,870,3980
DCA,BOS,91,446,14827
DCA,MIA,156,756,5835
DCA,FLL,148,497,4872
DCA,DTW,89,426,3379
DCA,JFK,82,336,1776
DCA,MSP,147,712,3287
DCA,CLT,84,394,4879
DCA,DAL,176,834,4892
DCA,PHX,276,812,1916
DCA,ATL,106,475,12683
DCA,DEN,215,566,2609
DCA,BNA,99,414,1912
DCA,DFW,185,859,6176
DCA,ORD,117,314,11421
DCA,PBI,145,515,1920
DCA,SEA,318,1064,1311
DCA,SJU,225,754,661
DCA,LAS,286,758,647
DCA,MKE,111,452,1883
DCA,CLE,78,350,2710
DCA,HOU,183,488,2427
DCA,STL,117,414,1901
DCA,CHS,90,283,1278
DCA,SLC,256,1110,1252
DCA,EWR,73,192,2761
DCA,PHL,58,263,205
DCA,PVD,83,278,86
DCA,ACK,90,311,79
DCA,HSV,114,300,46
DCA,RDU,68,338,55
DCA,SYR,74,366,62
DCA,PNS,133,526,17
DCA,SDF,100,499,4
DCA,GSP,84,296,6
DCA,PWM,93,460,83
DCA,HPN,69,331,6
DEN,ATL,181,797,9988
DEN,MIA,245,1101,2662
DEN,DFW,119,556,11954
DEN,LAX,140,491,11320
DEN,PHX,106,494,14289
DEN,IAH,142,468,9223
DEN,DTW,173,499,5324
DEN,MCO,221,1081,5726
DEN,CAK,176,635,539
DEN,LGA,238,1094,6391
DEN,GJT,61,256,899
DEN,PUB,48,165,508
DEN,SAT,127,533,3409
DEN,STL,125,312,3674
DEN,BIL,88,258,2188
DEN,CLT,203,931,3767
DEN,CLE,179,476,2586
DEN,JMS,109,308,777
DEN,LFT,162,634,340
DEN,TUL,100,425,2904
DEN,HSV,171,673,307
DEN,CVG,168,584,1827
DEN,BHM,168,582,657
DEN,JFK,244,694,1613
DEN,SGU,100,304,1162
DEN,SUN,108,363,214
DEN,EGE,58,257,12
DEN,ANC,315,1379,819
DEN,HNL,416,1634,657
DEN,OGG,417,1129,335
DEN,KOA,419,1380,169
DEN,LIH,430,1444,82
DEN,CID,122,517,1463
DEN,OKC,93,316,3483
DEN,PHF,211,953,5
DEN,RKS,68,318,1226
DEN,MAF,107,432,2103
DEN,ICT,87,350,1696
DEN,BMI,136,427,6
DEN,ABQ,75,217,3202
DEN,PBI,237,858,147
DEN,MDT,213,638,4
DEN,GSO,198,603,265
DEN,MMH,134,460,18
DEN,DRO,68,242,1114
DEN,ALB,221,719,18
DEN,OTH,162,768,53
DFW,MIA,176,869,7230
DFW,ATL,131,344,13892
DFW,MCO,160,696,7492
DFW,LGA,217,986,8661
DFW,OAK,207,929,657
DFW,FLL,175,845,5310
DFW,ORD,142,564,15104
DFW,IAH,69,181,7741
DFW,BNA,111,412,5334
DFW,SJC,213,767,2958
DFW,HDN,134,547,265
DFW,LBB,70,184,1338
DFW,HSV,116,560,546
DFW,GUC,123,412,243
DFW,MOB,107,471,1846
DFW,GGG,55,191,1229
DFW,ROW,90,284,1831
DFW,OGG,460,1357,990
DFW,HNL,476,1699,1375
DFW,EGE,131,471,840
DFW,GCK,86,299,1272
DFW,CRW,157,439,277
DFW,LCH,76,311,1497
DFW,DRO,120,553,1560
DFW,EVV,121,601,697
DFW,BMI,125,614,1253
DFW,AMA,72,189,2240
DFW,GSP,151,608,920
DFW,CHA,127,453,1232
DFW,MGM,117,441,1858
DFW,PIA,123,497,1794
DFW,JLN,80,397,1269
DFW,SAF,104,504,1868
DFW,TXK,58,255,1833
DFW,GPT,101,349,1786
DFW,SPS,49,155,2340
DFW,SJT,60,211,3103
DFW,SDF,126,317,578
DFW,MAF,73,357,2154
DFW,MTJ,126,580,182
DFW,MYR,161,510,122
DFW,ANC,387,1782,236
DHN,ATL,57,173,2485
DIK,DEN,100,437,655
DLH,ORD,97,342,2112
DLH,MSP,55,175,1213
DRO,PHX,81,268,1360
DSM,DFW,114,391,1640
DSM,MDW,69,296,1258
DSM,DEN,108,412,2097
DSM,LAS,172,457,662
DSM,SLC,154,502,149
DSM,LGA,186,472,2
DTW,MIA,182,812,2388
DTW,ATL,113,442,9658
DTW,FLL,174,850,5234
DTW,IAH,173,453,3858
DTW,DFW,162,644,5177
DTW,PBI,171,539,722
DTW,JFK,118,446,575
DTW,CLT,105,437,6128
DTW,MCO,154,729,5245
DTW,APN,64,200,1095
DTW,SRQ,163,520,150
DTW,LAN,47,161,857
DTW,EWR,107,360,4155
DTW,MSY,148,488,1945
DTW,BTV,107,507,1033
DTW,TUL,136,491,444
DTW,GRR,52,177,2726
DTW,BHM,118,470,1158
DTW,BUF,66,293,1618
DTW,AVP,89,377,931
DTW,MDT,84,420,1038
DTW,GRB,73,280,1295
DTW,GSO,97,390,803
DTW,LEX,75,220,977
DTW,DSM,110,475,399
DTW,PVD,112,323,1577
DTW,PDX,261,1114,446
DTW,CAK,55,160,377
DTW,CID,95,472,1401
DTW,TTN,96,285,430
DTW,ORF,107,491,1169
DTW,FWA,55,147,1941
DTW,TVC,62,205,1505
DTW,MBS,50,153,864
DTW,LIT,123,352,547
DTW,ELM,76,192,2824
DTW,SAV,124,497,332
DTW,MLI,89,309,413
DTW,SJU,286,1029,50
DTW,ATW,77,353,954
DTW,MHT,112,401,745
DTW,CMH,59,226,313
DTW,ROC,73,356,597
DTW,HPN,108,335,262
DTW,ERI,62,155,196
DTW,HSV,110,361,178
DTW,DAY,63,253,793
DTW,PWM,116,383,1016
DTW,MEM,111,406,842
DTW,ALB,96,368,985
DTW,SYR,82,263,511
DTW,BGM,83,330,517
DTW,RST,100,474,15
DTW,MYR,112,300,764
DTW,BMI,78,235,272
DTW,SWF,100,253,38
DTW,BGR,125,341,621
DTW,TYS,94,338,132
DTW,ITH,87,360,61
DTW,CHS,122,553,562
DTW,ACY,96,389,290
DTW,DAL,154,709,226
DTW,CRW,80,229,2
DTW,MQT,89,276,35
DVL,DEN,118,542,220
EAU,ORD,76,217,1270
ECP,BNA,74,335,1178
ECP,BWI,127,551,416
ECP,STL,101,348,327
EGE,JFK,267,775,210
EGE,SLC,77,275,3
EKO,SLC,55,210,1035
ELM,ORD,112,420,1161
ELP,DFW,102,493,2660
ELP,DEN,110,361,1770
ELP,AUS,89,370,1713
ELP,DAL,97,320,2528
ELP,IAH,119,536,3088
ELP,LAS,98,396,1301
ERI,ORD,90,237,1219
ESC,DTW,75,309,1105
EUG,DEN,161,591,1234
EUG,SFO,93,233,3626
EUG,SLC,108,390,1244
EUG,LAX,132,591,1013
EUG,BOI,80,261,2
EVV,DTW,83,310,1528
EVV,ORD,77,217,3300
EWN,ATL,88,417,1129
EWR,MIA,177,571,5309
EWR,FLL,173,758,6732
EWR,CLT,111,541,8014
EWR,IAH,213,676,6427
EWR,PHX,293,786,4132
EWR,DFW,213,914,4931
EWR,ATL,134,468,9964
EWR,DEN,233,779,5138
EWR,MDW,127,542,3394
EWR,DAY,112,284,1416
EWR,RDU,97,251,1695
EWR,SYR,72,198,971
EWR,CMH,106,485,1710
EWR,JAC,269,1041,80
EWR,HNL,609,2050,648
EWR,STT,249,1148,469
EWR,BNA,136,537,3589
EWR,IAD,75,224,1365
EWR,IND,126,320,2359
EWR,EGE,255,979,212
EWR,HOU,210,753,1675
EWR,PVD,66,250,702
EWR,AVL,113,314,321
EWR,CVG,120,443,2801
EWR,XNA,188,670,420
EWR,MSN,139,575,607
EWR,GRR,116,416,777
EWR,SBN,122,486,610
EWR,DSM,169,751,378
EWR,BDL,57,267,879
EWR,BWI,66,231,466
EWR,ALB,63,311,323
EWR,HDN,250,1126,34
EWR,BZN,269,1162,94
EWR,MTJ,260,976,43
EWR,PWM,83,262,1178
EWR,BTV,77,293,1038
EWR,PIT,86,353,806
EWR,AVP,49,144,103
EWR,MHT,74,304,1344
EWR,SRQ,171,739,195
EWR,OKC,211,948,295
EWR,MYR,116,354,16
EWR,TVC,123,518,52
EWR,ANC,439,1303,14
EWR,PHL,61,185,2
EYW,ATL,112,340,2816
FAI,SEA,214,705,2622
FAI,ANC,60,265,996
FAR,ORD,114,448,4051
FAR,DEN,116,497,2418
FAR,DFW,158,634,707
FAT,LAX,69,217,3675
FAT,SEA,125,576,1750
FAT,SFO,57,231,2014
FAT,DEN,141,610,1994
FAT,PHX,101,419,935
FAT,SLC,99,450,1710
FAT,DFW,198,727,1208
FAT,SAN,70,195,388
FCA,DEN,133,493,1521
FCA,MSO,54,168,1
FLL,BDL,178,785,1860
FLL,LGA,176,852,10314
FLL,JFK,175,699,8648
FLL,IAH,153,523,3679
FLL,CLT,116,378,4828
FLL,LAS,291,849,2055
FLL,ATL,108,344,14752
FLL,MCO,59,266,1331
FLL,JAX,73,333,1447
FLL,DEN,239,773,2405
FLL,HOU,147,683,1353
FLL,BNA,129,369,1537
FLL,MSY,111,390,1848
FLL,PHX,275,990,1342
FLL,IND,156,704,609
FLL,SWF,180,840,661
FLL,STT,164,412,612
FLL,LBE,154,730,544
FLL,ORH,181,730,634
FLL,BQN,145,670,324
FLL,CHS,94,290,86
FNT,ORD,66,166,3539
FNT,BWI,88,289,1048
FSD,ORD,100,363,3898
FSD,DEN,96,333,2594
FSD,DFW,131,330,664
FSM,DFW,64,180,2491
FSM,ATL,108,363,1330
FWA,ORD,58,206,4292
FWA,DFW,146,425,1253
FWA,ATL,104,496,2139
GCC,RKS,65,226,51
GCC,DEN,76,333,1253
GEG,SEA,63,306,6311
GEG,DEN,131,464,2651
GEG,PHX,153,584,1838
GEG,MSP,172,588,1536
GEG,SLC,99,470,2396
GEG,OAK,115,320,1274
GEG,MDW,212,845,124
GFK,MSP,75,302,1427
GJT,PHX,98,445,1974
GJT,DFW,132,550,1649
GNV,MIA,69,327,1141
GNV,ATL,74,269,4137
GPT,IAH,83,382,2452
GPT,ATL,77,226,2804
GRB,ORD,60,289,5261
GRB,ATL,130,604,797
GRI,DFW,106,308,1218
GRK,DFW,51,223,5003
GRR,DEN,158,517,1455
GRR,ORD,56,266,5559
GRR,STL,74,306,642
GRR,MSP,84,278,2194
GRR,ATL,111,278,2569
GRR,DFW,156,574,1453
GRR,MCO,156,572,607
GRR,BWI,97,398,1267
GRR,CVG,69,336,337
GRR,TPA,156,741,318
GRR,RSW,172,801,199
GSO,EWR,97,393,1615
GSO,MIA,127,528,290
GSO,ATL,75,202,5301
GSO,LGA,104,501,2322
GSO,DFW,168,724,979
GSP,ATL,54,241,4901
GSP,HOU,131,434,631
GSP,EWR,117,578,1302
GSP,DTW,103,406,431
GSP,BWI,84,319,739
GTF,DEN,114,322,1514
GTF,SLC,90,388,1772
GUC,DEN,56,213,525
GUM,HNL,442,1448,662
HDN,DEN,60,193,183
HIB,MSP,60,268,1117
HLN,DEN,112,338,656
HLN,SLC,84,372,1728
HNL,ITO,53,149,9571
HNL,KOA,46,156,12707
HNL,OGG,39,163,16514
HNL,LIH,38,151,11695
HNL,LAX,335,1108,10396
HNL,SFO,312,1428,4075
HNL,PPG,334,884,213
HOU,ATL,121,318,8022
HOU,PHX,152,484,2762
HOU,MCO,136,511,2794
HOU,MDW,146,434,4061
HOU,HRL,59,284,3059
HOU,SAT,52,235,2560
HOU,LAX,197,731,3064
HOU,DFW,71,195,3012
HOU,SNA,189,943,768
HOU,OKC,79,341,2381
HOU,PIT,168,799,658
HOU,ECP,99,435,974
HOU,CRP,49,147,2468
HOU,DEN,138,632,3499
HOU,ELP,108,438,1804
HOU,TUL,85,391,1829
HOU,PNS,87,295,660
HOU,SJU,267,1226,75
HOU,RSW,133,499,35
HOU,SEA,261,1154,293
HOU,LBB,89,425,13
HPN,PBI,165,639,2021
HPN,ORD,138,475,3343
HPN,RSW,172,628,645
HPN,FLL,175,791,1307
HPN,TPA,165,623,647
HRL,IAH,71,189,2344
HSV,ATL,54,267,4886
HSV,ORD,109,334,1156
HYS,DEN,71,284,1118
IAD,IAH,183,569,2658
IAD,MSP,146,498,1163
IAD,DFW,181,743,2585
IAD,JFK,76,323,1822
IAD,CVG,82,274,147
IAD,MIA,158,519,1603
IAD,DEN,209,745,6188
IAD,TPA,132,552,1962
IAD,SJU,224,679,337
IAD,LAS,282,806,2327
IAD,MCO,130,502,3282
IAD,GSO,68,201,120
IAD,PIT,63,218,427
IAD,STT,235,879,297
IAD,HNL,580,1950,332
IAD,MDW,105,394,1312
IAD,SAV,104,417,171
IAD,ORF,59,286,154
IAD,PVD,91,387,115
IAD,STL,128,483,18
IAD,UST,116,418,6
IAD,RSW,149,717,170
IAD,GRR,117,312,4
IAD,BUF,76,316,72
IAD,CMH,82,393,68
IAD,DTW,90,293,1374
IAD,LGA,82,294,344
IAD,FLL,153,614,161
IAD,ROC,82,229,222
IAD,MEM,128,525,141
IAD,GSP,86,276,16
IAD,PBI,147,680,112
IAD,CHS,102,453,8
IAD,JAC,249,746,35
IAD,HDN,227,762,30
IAD,RDU,63,222,773
IAD,ROA,68,304,10
IAD,HSV,113,479,8
IAD,MSY,145,670,462
IAD,TTN,105,282,1
IAD,AUS,195,636,260
IAD,SAT,217,546,21
IAD,MSN,104,443,1
IAG,FLL,174,610,395
IAH,MIA,155,675,5684
IAH,CLT,154,693,6941
IAH,BWI,186,928,1956
IAH,CMH,164,601,1838
IAH,IND,145,617,1858
IAH,SDF,141,466,1126
IAH,GJT,160,429,506
IAH,LRD,74,265,1794
IAH,ONT,197,753,927
IAH,HNL,475,2014,658
IAH,RNO,217,773,61
IAH,SJC,231,843,909
IAH,ISN,206,842,603
IAH,BFL,211,543,956
IAH,GSP,145,725,982
IAH,HSV,113,389,1738
IAH,BZN,209,1034,41
IAH,JAC,191,583,198
IAH,GUC,147,507,136
IAH,HDN,161,431,380
IAH,MTJ,154,388,339
IAH,EGE,158,578,265
IAH,XNA,98,405,2103
IAH,LCH,48,123,2110
IAH,CLL,42,131,1364
IAH,TYR,57,203,1331
IAH,CRW,159,641,554
IAH,LEX,141,697,612
IAH,GRR,168,737,603
IAH,ORF,186,652,567
IAH,JAX,139,620,1220
IAH,GRK,58,273,1574
IAH,DSM,142,529,929
IAH,AEX,58,276,1803
IAH,ICT,106,504,2107
IAH,STL,126,454,1436
IAH,MAF,89,270,4014
IAH,HOB,99,387,1086
IAH,ECP,109,341,1063
IAH,PIA,139,482,512
IAH,AGS,135,385,1
IAH,OAK,232,1152,349
IAH,STT,280,792,44
IAH,RAP,164,722,47
IAH,MSN,158,584,2
IAH,BDL,232,818,5
ICT,ORD,116,468,4102
ICT,DFW,78,232,1540
ICT,MDW,103,345,1198
ICT,DAL,70,175,1176
IDA,DEN,95,401,1779
IDA,SLC,56,189,2637
ILM,ATL,83,273,3190
IMT,RHI,41,164,554
IND,PHX,211,818,2593
IND,DEN,151,426,3704
IND,CLT,96,453,1346
IND,DFW,131,383,3114
IND,ATL,89,271,7585
IND,BWI,97,337,1995
IND,SFO,265,752,624
IND,LAS,219,1034,1704
IND,DCA,94,301,1395
IND,MSP,96,266,1864
IND,RSW,145,600,1483
IND,HOU,135,424,1065
IND,IAD,98,276,53
IND,DTW,67,203,1473
IND,MCI,82,397,1212
IND,JFK,134,366,279
IND,SLC,196,671,170
IND,BOS,139,636,591
IND,RDU,90,274,66
INL,BRD,59,203,4
INL,HIB,44,156,637
ISN,DEN,113,549,2267
ISN,MSP,109,389,2108
ISP,FLL,167,515,1092
ISP,PBI,160,730,1357
ISP,MCO,151,415,2070
ISP,BWI,65,235,2972
ISP,TPA,160,614,943
ITO,OGG,39,154,1334
JAC,DEN,85,299,1989
JAC,DFW,166,794,729
JAN,ATL,77,295,4557
JAN,ORD,129,338,1095
JAN,IAH,80,258,3788
JAN,DFW,91,289,4379
JAX,EWR,145,379,1847
JAX,JFK,143,385,1874
JAX,DFW,148,523,2448
JAX,CLT,79,367,4150
JAX,ATL,69,340,10157
JAX,MSP,177,760,362
JAX,DCA,112,454,1326
JAX,DEN,203,946,673
JAX,BNA,85,394,1794
JAX,IAD,120,597,26
JAX,PHL,131,578,760
JAX,HOU,128,355,736
JAX,DTW,134,526,461
JFK,MIA,181,634,7045
JFK,BQN,222,815,883
JFK,MCO,161,628,10494
JFK,ATL,142,369,3776
JFK,SFO,355,1250,16607
JFK,PHX,304,977,4556
JFK,LAS,314,1035,7287
JFK,SRQ,169,446,653
JFK,CHS,121,428,2354
JFK,SAV,130,648,1312
JFK,ORD,146,403,3077
JFK,STT,242,991,1077
JFK,MSP,172,692,1653
JFK,CLT,114,565,4999
JFK,HOU,218,620,665
JFK,HNL,620,1899,628
JFK,DFW,222,626,1089
JFK,SLC,286,1336,3641
JFK,BWI,74,234,610
JFK,OAK,346,1498,563
JFK,BUR,339,905,631
JFK,SJC,351,1120,570
JFK,SMF,339,1614,558
JFK,ABQ,263,976,542
JFK,JAC,283,1075,8
JFK,PSP,330,1551,63
JFK,ACK,66,234,661
JFK,MVY,59,185,242
JFK,RNO,332,951,334
JFK,HYA,61,187,163
JMS,DVL,42,194,721
JNU,KTN,59,230,659
JNU,ANC,101,461,2044
JNU,SIT,41,199,1395
JNU,YAK,51,193,650
JNU,GST,32,97,150
KOA,OGG,35,138,1671
KOA,SAN,331,1238,231
KTN,WRG,37,105,650
LAN,ORD,60,198,1678
LAR,DEN,48,158,1110
LAS,MSP,187,755,5060
LAS,ATL,242,951,8149
LAS,MIA,297,1086,2772
LAS,MCI,165,818,3200
LAS,DFW,164,820,8422
LAS,CLT,267,1169,3082
LAS,IAH,183,603,5509
LAS,HNL,359,1319,1619
LAS,BWI,284,995,3390
LAS,DTW,243,759,5839
LAS,SFO,89,415,15757
LAS,SLC,77,294,7456
LAS,HOU,179,713,2802
LAS,PHX,65,324,10871
LAS,EWR,304,1484,3356
LAS,ORD,221,618,8399
LAS,DEN,108,341,12400
LAS,PDX,127,377,5120
LAS,LGB,64,318,2261
LAS,SNA,59,292,4792
LAS,BUR,59,148,6080
LAS,DAL,159,508,2840
LAS,SAT,155,642,2538
LAS,BOI,99,459,1303
LAS,MDW,213,724,5369
LAS,ABQ,85,230,2517
LAS,OMA,158,773,1668
LAS,GEG,131,335,1290
LAS,AMA,118,490,660
LAS,ONT,53,262,2736
LAS,TPA,267,1297,1141
LAS,OKC,146,649,1319
LAS,FNT,234,970,665
LAS,TUS,71,334,2198
LAS,MAF,123,550,1107
LAS,ICT,145,476,665
LAS,BDL,302,1120,532
LAS,JAX,261,1088,246
LAS,MHT,308,770,18
LAW,DFW,51,152,2474
LAX,PBI,315,857,154
LAX,MIA,316,1299,6006
LAX,CLT,298,1114,3896
LAX,MSP,222,1070,6150
LAX,IAH,202,738,8562
LAX,DFW,188,671,13075
LAX,ORD,251,647,15957
LAX,SEA,159,435,15441
LAX,ATL,269,1210,11250
LAX,EWR,334,1244,9063
LAX,STL,223,824,2905
LAX,JFK,343,1274,23704
LAX,LAS,70,308,19173
LAX,PHL,331,854,3720
LAX,PHX,85,219,14545
LAX,DTW,276,1119,3992
LAX,IAD,310,855,7063
LAX,DAL,185,896,4914
LAX,JAC,142,368,486
LAX,RDU,307,795,1606
LAX,BZN,156,721,279
LAX,DCA,320,1450,1976
LAX,OGG,324,1346,5375
LAX,EGE,133,578,210
LAX,ELP,118,541,1814
LAX,BWI,314,1511,2206
LAX,KOA,324,1472,2746
LAX,MCI,195,893,1965
LAX,RNO,86,311,3772
LAX,LIH,338,1321,2579
LAX,ABQ,115,414,3612
LAX,MDW,244,901,3648
LAX,FLL,310,850,3480
LAX,SAF,124,514,440
LAX,CMH,274,843,1169
LAX,IND,251,1127,1567
LAX,MSY,230,932,3689
LAX,SMX,58,206,493
LAX,HDN,130,535,122
LAX,ICT,186,653,114
LAX,ITO,313,1479,516
LAX,GEG,163,415,312
LAX,ANC,314,1102,762
LAX,MTJ,120,589,56
LAX,OMA,187,884,126
LAX,MSN,228,875,2
LBB,IAH,95,448,2059
LBB,DEN,93,278,1172
LBB,LAS,120,339,657
LBE,RSW,155,721,128
LBE,TPA,140,508,174
LBE,LAS,264,904,343
LEX,ORD,82,289,3837
LEX,DFW,139,413,1475
LEX,LGA,117,360,82
LEX,DCA,91,374,4
LFT,IAH,62,166,4227
LFT,DFW,84,329,3093
LGA,MIA,183,526,12255
LGA,DTW,111,466,8488
LGA,ATL,141,425,15908
LGA,MSP,169,673,4213
LGA,IAH,216,902,4460
LGA,CLT,116,290,7038
LGA,GSP,123,504,12
LGA,CAK,89,429,958
LGA,SRQ,173,821,842
LGA,DCA,80,247,7923
LGA,PHL,57,255,392
LGA,HOU,214,930,1781
LGA,TYS,132,385,122
LGA,CHO,82,338,709
LGA,MKE,133,578,2301
LGA,SDF,138,683,515
LGA,CHS,126,528,270
LGA,XNA,180,875,957
LGA,ORF,90,412,787
LGA,JAX,150,458,184
LGA,EYW,230,597,2
LGA,MCI,180,879,1320
LGA,OMA,185,676,252
LGA,MHT,75,289,242
LGA,BUF,83,376,696
LGA,PIT,92,361,425
LGA,SYR,73,337,139
LGA,GRR,118,574,403
LGA,IND,127,571,304
LGA,BGR,89,407,105
LGA,AGS,118,549,2
LGA,MEM,160,551,74
LGA,PWM,77,366,111
LGA,ILM,99,494,157
LGA,TVC,123,413,90
LGA,BZN,262,1155,20
LGA,MTJ,269,851,4
LGB,SMF,79,323,1309
LGB,SEA,153,584,1570
LGB,SLC,107,281,3886
LGB,JFK,334,965,1194
LGB,ANC,308,1294,236
LIH,OGG,48,195,2639
LIH,PDX,342,970,201
LIT,DFW,76,240,2535
LIT,DAL,62,211,2009
LIT,ATL,89,317,3926
LIT,ORD,110,362,3883
LIT,IAH,86,401,3496
LIT,PHX,167,593,663
LIT,DEN,134,519,1198
LIT,MDW,96,397,637
LIT,LAS,182,704,663
LIT,BWI,140,414,620
LIT,LGA,180,691,135
LNK,DEN,86,281,1504
LNK,ORD,100,376,2232
LRD,DFW,84,416,2467
LSE,ORD,68,243,2202
LWS,SLC,88,314,1174
MAF,HOU,80,233,2200
MCI,ATL,120,463,6920
MCI,PHX,157,617,3635
MCI,IAH,123,317,3275
MCI,ORD,92,313,4205
MCI,DFW,96,393,5004
MCI,DEN,98,376,4178
MCI,MCO,162,604,1796
MCI,BWI,149,437,1554
MCI,MSY,109,286,662
MCI,SFO,226,909,1137
MCI,IAD,156,669,12
MCI,DAL,85,279,4280
MCI,CLT,140,539,2468
MCI,MSP,82,347,3787
MCI,STL,56,143,2387
MCI,MKE,83,400,1215
MCI,FLL,181,569,651
MCI,EWR,180,713,1223
MCI,DCA,149,559,1257
MCI,DTW,114,502,2826
MCI,SAN,187,568,956
MCI,BOS,189,475,1178
MCI,HOU,113,302,1210
MCI,MIA,193,802,406
MCI,RSW,168,761,100
MCI,LNK,51,130,1
MCI,DLH,91,406,1
MCI,SNA,193,762,80
MCO,MIA,65,167,6024
MCO,EWR,157,522,9381
MCO,LAX,301,988,4795
MCO,PHX,259,691,2565
MCO,SLC,264,790,2472
MCO,MSP,195,746,3166
MCO,LGA,162,611,7631
MCO,ATL,88,254,16292
MCO,IAH,141,615,5171
MCO,CLT,98,404,5877
MCO,DCA,132,546,6603
MCO,SFO,326,1345,1575
MCO,LAS,277,1246,1875
MCO,BOS,177,479,5603
MCO,HPN,158,477,2414
MCO,MDT,145,714,170
MCO,BNA,106,514,2792
MCO,DAL,151,583,2011
MCO,STL,138,521,3032
MCO,ORH,166,624,634
MCO,BUF,151,396,3029
MCO,IND,134,408,2548
MCO,AUS,153,534,1977
MCO,FNT,154,732,672
MCO,DAY,129,563,690
MCO,BHM,88,267,1312
MCO,CMH,127,473,2085
MCO,ILG,141,465,122
MCO,SYR,162,731,666
MCO,LBE,136,621,622
MCO,SWF,166,571,654
MCO,BMI,150,481,66
MCO,OMA,177,720,260
MCO,MSN,175,736,32
MCO,PWM,180,677,14
MCO,ABQ,215,547,196
MDT,ATL,112,489,1897
MDW,PHX,204,925,4432
MDW,TPA,151,460,2846
MDW,MCO,155,590,5032
MDW,DEN,140,381,5287
MDW,BHM,99,304,1235
MDW,DCA,108,286,5434
MDW,OAK,254,865,1959
MDW,SFO,258,1105,1511
MDW,LGA,131,448,4166
MDW,MCI,80,299,4790
MDW,FLL,177,529,2266
MDW,DTW,67,295,5484
MDW,BNA,81,255,4014
MDW,MSY,129,483,1696
MDW,PVD,135,405,1719
MDW,BUF,90,333,1882
MDW,PHL,118,438,3622
MDW,SAT,156,534,1352
MDW,ALB,120,358,1308
MDW,JAX,133,412,656
MDW,GSP,98,284,1230
MDW,PBI,174,591,14
MDW,BOI,206,517,124
MDW,PWM,133,637,18
MEI,DFW,98,332,892
MEM,ATL,77,274,6170
MEM,EWR,164,705,1899
MEM,IAH,101,476,3350
MEM,DFW,92,382,1677
MEM,LAX,230,669,512
MEM,MCO,116,438,759
MEM,CLT,104,490,1355
MEM,ORD,109,465,4228
MEM,MDW,93,270,1207
MEM,MIA,148,722,294
MEM,DEN,146,525,1424
MEM,TPA,109,491,663
MEM,HOU,90,392,1235
MEM,LAS,200,822,94
MEM,DAL,80,257,922
MEM,AUS,99,397,16
MFE,IAH,75,228,3782
MFE,DFW,92,446,2801
MFR,DEN,159,766,1027
MFR,SFO,80,322,2529
MFR,SLC,105,337,1302
MGM,ATL,54,163,4370
MHK,ORD,104,448,1233
MHK,DFW,90,329,1898
MHT,ORD,149,740,945
MHT,MCO,175,563,1379
MHT,TPA,180,881,882
MHT,MDW,132,532,1701
MHT,PHX,350,1495,1
MHT,FLL,198,611,14
MIA,PHL,169,519,5233
MIA,ATL,113,364,10222
MIA,CLT,122,323,5892
MIA,ORD,188,917,8175
MIA,EGE,261,1032,245
MIA,EYW,46,166,1070
MIA,SAN,302,1144,770
MIA,CLE,173,604,505
MIA,SLC,290,1205,321
MIA,JAX,78,386,656
MIA,PBI,49,159,1
MIA,GSP,123,461,2
MIA,OKC,186,913,2
MKE,IAH,164,532,1692
MKE,DTW,69,192,3424
MKE,DEN,145,662,4003
MKE,DFW,145,593,1946
MKE,ORD,49,130,9192
MKE,LAS,211,862,2174
MKE,MSP,71,207,4425
MKE,ATL,117,449,6269
MKE,PHX,209,910,2796
MKE,MCO,163,466,2481
MKE,RSW,174,666,1031
MKE,LAX,241,618,756
MKE,EWR,136,560,2050
MKE,FLL,186,866,738
MKE,BOS,141,626,1174
MKE,TPA,159,721,1220
MKE,STL,69,293,1175
MKE,MSY,135,538,217
MLB,ATL,89,411,2649
MLI,DEN,130,622,365
MLI,ORD,56,252,3049
MLI,ATL,112,411,1506
MLI,DFW,126,377,1795
MLU,IAH,69,177,1544
MLU,DFW,74,309,1846
MLU,ATL,92,233,2370
MOB,ATL,74,185,4465
MOB,IAH,89,419,2955
MOB,ORD,140,650,551
MOT,DEN,112,327,2004
MOT,MSP,94,382,1628
MQT,ORD,83,404,557
MRY,SFO,42,191,1503
MRY,PHX,112,441,1218
MRY,LAX,74,325,2933
MSN,DEN,134,544,1422
MSN,ORD,54,193,6013
MSN,DTW,74,348,2786
MSN,MSP,62,216,2504
MSN,DFW,143,645,1781
MSN,LGA,141,571,284
MSN,CID,49,186,1
MSN,SAN,242,645,1
MSO,DEN,122,539,1110
MSO,ORD,180,469,2
MSO,SEA,97,399,26
MSP,FLL,215,619,1213
MSP,DEN,117,563,10937
MSP,DFW,144,421,5047
MSP,ORD,87,289,12399
MSP,ATL,148,413,9381
MSP,MIA,221,739,1681
MSP,CLT,153,648,4236
MSP,MDW,85,296,5848
MSP,RSW,204,917,1824
MSP,TUS,191,514,356
MSP,DTW,104,476,5283
MSP,MSY,157,451,659
MSP,SMF,211,956,1079
MSP,DSM,71,288,447
MSP,JAC,135,535,266
MSP,OMA,72,219,2543
MSP,CVG,117,509,834
MSP,ROC,125,385,246
MSP,ABQ,153,736,428
MSP,TUL,122,476,864
MSP,SDF,124,556,194
MSP,FSD,62,242,2525
MSP,DIK,97,455,1177
MSP,EWR,168,564,2543
MSP,INL,69,176,482
MSP,IMT,69,304,662
MSP,RAP,98,411,2623
MSP,IAH,169,680,3367
MSP,AUS,162,778,317
MSP,GRB,67,265,2099
MSP,BZN,138,424,1375
MSP,FAR,63,270,3419
MSP,MSO,157,422,856
MSP,BIL,118,334,1285
MSP,BDL,159,401,1687
MSP,DAY,111,428,1163
MSP,ICT,112,552,1261
MSP,LAN,97,292,1026
MSP,RNO,199,869,58
MSP,PSP,205,576,308
MSP,RST,47,176,794
MSP,SAT,169,532,407
MSP,CWA,61,193,50
MSP,SJU,323,1126,91
MSP,EGE,148,401,2
MSP,ATW,68,273,1023
MSP,ASE,150,395,42
MSP,MEM,121,457,892
MSP,MBS,96,442,153
MSP,XNA,118,359,919
MSP,AZO,92,248,230
MSP,BMI,95,312,138
MSP,LSE,53,248,963
MSP,FNT,97,449,877
MSP,MLI,81,305,121
MSP,LNK,83,254,761
MSP,FCA,156,656,405
MSP,HLN,145,610,456
MSP,FWA,102,330,545
MSP,PSC,185,905,512
MSP,SYR,135,667,342
MSP,PIA,97,336,39
MSP,GTF,142,457,606
MSP,ALB,149,572,399
MSP,TVC,82,229,219
MSP,FAI,321,1143,247
MSP,LEX,124,393,108
MSP,IDA,146,557,38
MSP,HNL,494,1832,90
MSY,MIA,116,373,1239
MSY,JFK,184,509,2172
MSY,EWR,180,494,2123
MSY,LGA,188,869,891
MSY,ATL,87,285,11086
MSY,IAH,71,262,5370
MSY,CLT,114,376,2970
MSY,LAS,205,612,1399
MSY,DCA,149,388,1430
MSY,DEN,159,482,3120
MSY,DFW,90,430,5137
MSY,HOU,64,267,6000
MSY,MCO,99,337,2276
MSY,TPA,87,412,1940
MSY,PHL,172,848,707
MSY,BNA,83,354,2051
MSY,STL,97,296,1133
MSY,SFO,259,1209,426
MSY,CMH,129,543,1
MSY,SAT,85,226,475
MSY,OAK,251,1203,354
MTJ,DEN,60,295,886
MYR,FLL,100,379,745
MYR,LGA,113,473,1252
MYR,LBE,85,382,386
MYR,ORD,128,550,472
MYR,IAG,110,329,230
MYR,BWI,81,402,399
MYR,PHL,91,365,377
MYR,CRW,70,214,128
MYR,PBG,129,424,101
OAJ,ATL,85,397,2238
OAK,PHX,112,314,5002
OAK,LGB,75,330,1986
OAK,LAS,83,398,6885
OAK,SLC,102,440,4210
OAK,LIH,318,813,381
OAK,HOU,228,1006,1255
OAK,OGG,307,962,1327
OAK,ORD,259,921,658
OAK,LAX,77,291,12113
OAK,PDX,94,323,3564
OAK,HNL,319,1183,1037
OAK,DEN,145,411,2461
OAK,SAN,83,262,6906
OAK,SNA,78,338,4930
OAK,MCI,205,578,591
OAK,AUS,212,697,666
OAK,KOA,310,1316,667
OAK,DAL,208,1021,1180
OAK,BWI,324,1461,641
OAK,BNA,260,1214,353
OAK,FLL,311,1003,1
OGG,BLI,355,1221,175
OKC,DFW,59,259,5242
OKC,ATL,125,314,3904
OKC,LAX,182,845,625
OKC,SLC,139,523,1204
OKC,ORD,126,365,3522
OKC,SFO,207,544,657
OKC,DTW,147,709,644
OKC,IAH,88,297,2005
OKC,PHX,128,442,1302
OKC,MDW,114,427,661
OKC,IAD,185,500,10
OKC,MSP,128,384,734
OKC,FLL,178,836,1
OMA,IAH,136,588,2329
OMA,ORD,93,431,3889
OMA,DFW,108,494,2645
OMA,DEN,89,282,4093
OMA,DTW,117,412,1354
OMA,PHX,157,714,2497
OMA,ATL,134,466,3153
OMA,EWR,182,623,1125
OMA,STL,67,232,1852
OMA,MDW,82,341,3287
OMA,PDX,237,1073,1
OMA,DCA,155,515,1
OMA,DAL,99,273,226
ONT,SFO,83,247,4245
ONT,DEN,133,602,2304
ONT,PDX,133,468,1431
ONT,SEA,151,578,1785
ONT,PHX,69,209,5921
ONT,MDW,237,887,641
ONT,DFW,179,745,2811
ONT,OAK,70,177,4246
ONT,SLC,103,410,1879
ONT,SMF,73,218,4035
ORD,IAH,158,420,8310
ORD,FLL,185,810,4999
ORD,DEN,150,586,10989
ORD,DTW,79,255,8259
ORD,BOS,150,431,12746
ORD,LGA,139,609,18280
ORD,ATL,118,550,12645
ORD,MCO,165,537,8698
ORD,MBS,69,207,2278
ORD,IAD,112,462,3602
ORD,EWR,136,390,7345
ORD,DSM,78,271,6026
ORD,SAN,245,1154,5266
ORD,CHS,135,585,1872
ORD,IND,64,285,5780
ORD,MSY,144,588,2705
ORD,SJU,288,1025,2025
ORD,SRQ,163,603,618
ORD,PNS,143,498,432
ORD,PIT,89,376,3563
ORD,ANC,377,1068,1263
ORD,JAC,180,704,634
ORD,MKG,56,163,1235
ORD,BZN,182,584,487
ORD,PSP,238,660,682
ORD,SMF,250,641,1051
ORD,HNL,512,1576,656
ORD,MTJ,174,821,228
ORD,OGG,502,1975,226
ORD,JAX,150,589,1024
ORD,ELP,185,581,1107
ORD,CMX,86,420,1234
ORD,SDF,82,292,2204
ORD,BMI,52,210,1796
ORD,AUS,160,766,4396
ORD,BIS,131,415,645
ORD,CHA,104,274,728
ORD,TOL,64,169,1798
ORD,RST,74,267,2512
ORD,RAP,140,544,750
ORD,BHM,118,483,1955
ORD,MDT,111,421,3083
ORD,ABE,121,379,1284
ORD,GSO,114,516,964
ORD,EGE,163,620,201
ORD,GSP,114,350,1603
ORD,PWM,153,713,581
ORD,STT,300,1340,91
ORD,FCA,212,545,254
ORD,GUC,171,486,38
ORD,HDN,168,809,46
ORD,ACY,126,528,288
ORD,LBE,95,456,295
ORD,FAI,365,1105,145
ORD,BIL,171,794,92
ORF,MIA,145,600,451
ORF,ATL,98,388,5292
ORF,DFW,185,739,1226
ORF,CLT,72,351,1195
ORF,ORD,132,531,1571
ORF,MDW,118,310,1053
ORF,MCO,109,535,853
ORF,JFK,85,319,218
ORF,EWR,81,289,1221
ORF,MSP,168,514,181
OTZ,OME,45,159,310
PAH,ORD,85,366,1246
PBG,FLL,191,737,458
PBI,IAH,158,680,741
PBI,JFK,166,655,3713
PBI,LGA,171,477,5659
PBI,ORD,180,489,1143
PBI,ATL,105,399,8354
PBI,EWR,165,477,5025
PBI,DFW,172,769,1657
PBI,BWI,143,389,1918
PBI,PHL,160,644,2170
PBI,CLT,110,502,3211
PDX,MSP,201,766,2581
PDX,PHX,155,669,6178
PDX,DEN,151,614,6810
PDX,EWR,324,1207,648
PDX,IAH,251,896,1529
PDX,DFW,229,691,3594
PDX,SJC,100,274,4489
PDX,ORD,245,1144,4235
PDX,SAN,144,649,3371
PDX,MDW,245,732,1275
PDX,LAX,140,523,6540
PDX,BUR,129,339,1901
PDX,SNA,139,401,2276
PDX,SFO,103,397,8313
PDX,SEA,52,180,3667
PDX,HNL,343,924,1425
PDX,LGB,135,418,1495
PDX,JFK,337,1211,1692
PDX,KOA,343,1655,353
PDX,SLC,107,426,4665
PDX,BOS,341,1437,972
PDX,IAD,310,1360,480
PDX,MCI,204,969,666
PDX,CLT,306,1281,510
PDX,TUS,166,578,430
PDX,DCA,316,1062,668
PDX,SMF,82,298,3167
PDX,OGG,335,1224,1154
PDX,SBA,126,326,664
PDX,ATL,287,730,2171
PDX,HOU,247,846,125
PDX,BZN,93,445,229
PDX,AUS,239,1144,198
PDX,STL,241,699,302
PDX,FAT,107,477,199
PHF,ATL,101,363,2465
PHL,IAH,204,587,4280
PHL,MCO,147,513,9576
PHL,ATL,125,425,13045
PHL,DFW,202,836,7055
PHL,CLT,100,378,6406
PHL,PHX,286,848,4797
PHL,FLL,163,625,3758
PHL,LAS,297,1066,4225
PHL,SLC,273,830,1207
PHL,ORD,128,374,9237
PHL,DEN,227,787,4209
PHL,MSP,159,578,4681
PHL,SJU,240,768,2040
PHL,DTW,99,301,3949
PHL,STT,240,1184,400
PHL,BNA,117,313,1222
PHL,RSW,166,812,1888
PHL,STL,134,585,1219
PHL,IND,116,380,541
PHL,BWI,56,181,14
PHL,CLE,91,368,205
PHL,PDX,322,1196,291
PHL,SMF,323,854,150
PHL,PVD,71,183,564
PHL,RIC,63,193,12
PHL,CHS,100,446,22
PHX,ORD,213,631,8706
PHX,MIA,275,1113,1230
PHX,DFW,145,502,8152
PHX,CLT,250,941,5626
PHX,DTW,236,1152,5408
PHX,IAH,160,650,6499
PHX,SLC,94,255,10905
PHX,ATL,226,839,7253
PHX,BWI,274,1234,3173
PHX,MSP,187,615,8081
PHX,DAL,140,416,2891
PHX,IAD,267,1201,662
PHX,HNL,377,1596,2238
PHX,OGG,363,1513,1088
PHX,FLG,51,155,3217
PHX,TUS,51,173,2286
PHX,ELP,72,288,2885
PHX,RDU,260,981,517
PHX,MSY,186,884,787
PHX,LIH,378,1080,670
PHX,KOA,363,1815,571
PHX,BUR,79,279,3751
PHX,MTJ,100,388,75
PHX,DSM,175,784,407
PHX,LGB,92,256,2
PIA,DTW,83,286,729
PIA,ATL,108,276,1767
PIA,ORD,55,170,4142
PIA,DEN,165,518,8
PIB,MEI,33,101,889
PIB,DFW,103,504,235
PIH,SLC,51,238,1302
PIT,IAH,176,802,1642
PIT,FLL,155,421,1526
PIT,DTW,62,202,1054
PIT,DFW,166,651,2789
PIT,ATL,98,343,6474
PIT,MSP,122,419,1018
PIT,CLT,86,215,4845
PIT,MCO,131,648,2899
PIT,PHX,250,919,1947
PIT,RSW,147,648,882
PIT,LAS,256,879,1196
PIT,LAX,295,1068,504
PIT,DEN,187,581,1995
PIT,BNA,84,252,660
PIT,MDW,80,390,3425
PIT,PHL,78,210,1773
PIT,DCA,65,320,5
PIT,JFK,97,440,319
PIT,PBI,147,702,10
PLN,DTW,70,338,1461
PNS,ATL,70,311,4504
PNS,MIA,105,346,961
PNS,IAH,98,289,2770
PNS,DFW,114,311,2228
PNS,BNA,73,357,1185
PNS,MDW,123,425,58
PSC,DEN,144,679,1370
PSC,SFO,112,461,705
PSE,MCO,171,786,826
PSE,JFK,230,667,649
PSG,JNU,43,119,654
PSP,SFO,89,359,4237
PSP,DEN,131,533,1948
PSP,SLC,101,365,1485
PSP,IAH,191,675,573
PSP,PHX,71,279,3401
PSP,DFW,174,496,1404
PSP,LAX,55,205,1438
PSP,PDX,140,608,554
PVD,CLT,124,606,2049
PVD,BWI,73,313,4890
PVD,MCO,164,631,3962
PVD,FLL,180,900,1540
PVD,ORD,150,538,988
PVD,TPA,170,683,1330
PVD,ATL,148,529,1868
PVD,RSW,178,759,97
PVD,PBI,174,438,64
PWM,JFK,74,201,2281
PWM,CLT,138,605,651
RAP,DEN,73,261,1127
RAP,DFW,143,628,994
RAP,SLC,103,432,837
RDM,DEN,150,673,942
RDM,SFO,94,416,1628
RDM,LAX,128,419,474
RDU,JFK,98,389,2972
RDU,ATL,80,326,9350
RDU,MIA,125,348,2016
RDU,DFW,167,534,3133
RDU,SFO,318,1316,1016
RDU,BOS,113,312,2993
RDU,CLT,56,244,4206
RDU,LAS,273,1110,662
RDU,ORD,122,525,3771
RDU,IAH,169,739,972
RDU,MSP,153,675,916
RDU,LGA,101,375,3452
RDU,DEN,208,547,1787
RDU,BWI,63,222,3820
RDU,DTW,99,284,1908
RDU,TPA,100,264,1714
RDU,FLL,118,392,1244
RDU,PHL,82,410,1656
RDU,MCO,95,347,1931
RDU,MDW,108,364,2077
RDU,BNA,83,246,1960
RDU,HOU,156,557,1004
RDU,STL,112,346,962
RDU,BDL,100,375,359
RDU,PHF,50,155,1
RDU,DAL,155,730,227
RHI,MSP,63,298,1321
RIC,IAH,184,874,1013
RIC,ATL,94,435,7074
RIC,ORD,123,385,4017
RIC,MIA,146,698,101
RIC,IAD,47,233,70
RIC,DFW,177,858,1558
RIC,CLT,69,232,2666
RIC,EWR,81,286,1881
RIC,MCO,113,504,1361
RIC,MSP,157,457,640
RIC,LGA,87,238,2566
RIC,DTW,98,445,1722
RIC,FLL,131,419,659
RIC,CAE,88,312,1
RKS,SLC,54,165,58
RNO,DEN,129,537,2713
RNO,SLC,83,403,1906
RNO,PHX,103,353,3414
RNO,SFO,65,296,3142
RNO,DFW,198,601,1457
RNO,SAN,85,351,1326
RNO,ORD,241,1100,739
RNO,LAS,72,184,6383
RNO,MDW,231,1118,431
ROA,ORD,110,540,1493
ROC,JFK,77,360,2141
ROC,ATL,125,383,1929
ROC,LGA,79,292,337
ROC,MDW,98,277,992
ROC,CLT,111,466,615
ROC,ORD,106,374,3213
ROC,TPA,160,706,621
ROC,MCO,155,676,784
ROC,EWR,75,198,1406
RST,CLE,91,311,1
RSW,IAH,140,426,1219
RSW,JFK,175,507,2383
RSW,DTW,167,447,3215
RSW,BOS,194,541,3189
RSW,DEN,228,727,766
RSW,EWR,172,668,2706
RSW,ATL,100,367,7794
RSW,LGA,181,702,1498
RSW,DFW,161,444,2275
RSW,ORD,175,564,3596
RSW,CLT,113,500,3426
RSW,DCA,146,385,1595
RSW,MDW,165,781,2306
RSW,CAK,153,727,389
RSW,FNT,170,586,96
RSW,ISP,168,722,54
SAF,DEN,73,288,573
SAN,SLC,109,423,4515
SAN,LAX,52,200,9077
SAN,BWI,306,1156,1395
SAN,MDW,239,1151,2300
SAN,DEN,134,435,8033
SAN,EWR,327,1361,1924
SAN,DFW,177,874,6484
SAN,ATL,257,1089,4066
SAN,PHX,69,190,10130
SAN,SEA,162,525,6355
SAN,MSP,216,754,2134
SAN,JFK,337,1216,3349
SAN,IAH,190,692,3683
SAN,OGG,332,1133,757
SAN,DTW,269,974,1413
SAN,DAL,172,619,1424
SAN,SJC,77,233,5951
SAN,IAD,299,1053,2262
SAN,HOU,184,521,1359
SAN,AUS,166,573,1259
SAN,PHL,320,1001,1539
SAN,LAS,66,325,8106
SAN,MCO,291,968,1002
SAN,LIH,347,1483,398
SAN,HNL,346,1405,1272
SAN,CLT,284,1113,1416
SAN,MSY,215,996,664
SAN,BOI,129,459,659
SAN,CVG,246,921,7
SAN,MKE,234,784,36
SAT,DFW,67,184,9163
SAT,SFO,221,900,714
SAT,LAX,179,671,3075
SAT,IAH,60,181,4552
SAT,STL,122,586,1225
SAT,ORD,169,659,2069
SAT,ATL,141,535,5696
SAT,BWI,203,737,1561
SAT,BNA,128,347,1126
SAT,ELP,83,219,1587
SAT,DTW,187,877,962
SAT,JFK,238,1113,523
SAT,PHX,133,570,3067
SAT,CLT,169,631,709
SAT,PHL,224,717,452
SAT,DAL,59,175,6011
SAT,SAN,160,762,1252
SAT,EWR,233,1095,500
SAT,MCO,157,653,984
SAT,SLC,163,428,1111
SAT,TPA,145,480,648
SAT,MIA,177,557,413
SAV,EWR,133,437,1246
SAV,ATL,63,216,6248
SAV,LGA,135,384,819
SAV,IAH,145,589,888
SAV,ORD,137,569,1698
SAV,DFW,158,483,1391
SBA,DEN,152,520,1278
SBA,PHX,93,434,2022
SBA,SFO,70,175,4065
SBA,LAX,52,181,2855
SBN,ORD,49,177,2186
SBN,ATL,112,386,2219
SBN,MSP,92,364,1099
SBN,DTW,59,161,2571
SBN,COS,176,585,1
SBN,IAH,138,569,1
SBP,LAX,63,172,2688
SBP,PHX,100,436,1415
SCC,BRW,48,175,813
SCE,DTW,71,303,416
SCE,ORD,108,480,1269
SDF,ATL,79,371,5433
SDF,PHX,212,877,664
SDF,DEN,160,777,1095
SDF,DTW,81,338,154
SDF,TPA,118,443,744
SDF,MDW,66,165,2259
SDF,EWR,129,405,1268
SDF,IAD,98,286,20
SDF,MCO,119,437,730
SDF,LAS,223,964,680
SEA,MSP,202,979,5087
SEA,MIA,367,948,684
SEA,PHX,171,816,11489
SEA,DEN,160,668,10168
SEA,IAH,262,683,4368
SEA,DFW,239,883,6977
SEA,EWR,329,1285,2967
SEA,SJC,123,575,8027
SEA,OAK,117,454,6436
SEA,SFO,123,589,13667
SEA,LAS,147,474,9993
SEA,IAD,312,1409,2185
SEA,SNA,159,594,5489
SEA,ORD,248,670,7803
SEA,MDW,248,758,2017
SEA,ATL,295,1418,5325
SEA,PHL,328,1325,1949
SEA,SLC,119,357,6902
SEA,PSP,159,616,1674
SEA,SMF,107,514,6845
SEA,DTW,267,1053,3780
SEA,JFK,339,1022,4145
SEA,JNU,145,705,2517
SEA,KTN,117,416,2608
SEA,MCO,345,1243,874
SEA,BWI,318,1179,1380
SEA,HNL,353,1634,3467
SEA,TPA,339,1209,667
SEA,LIH,353,1588,1112
SEA,FLL,366,996,666
SEA,OGG,347,1708,2471
SEA,BOS,339,1606,2944
SEA,MKE,238,608,1075
SEA,TUS,179,884,743
SEA,MCI,212,712,975
SEA,KOA,357,1573,1173
SEA,MSY,286,972,663
SEA,ABQ,175,534,812
SEA,OMA,198,773,666
SEA,SAT,244,954,667
SEA,STL,238,865,962
SEA,AUS,245,915,919
SEA,SBA,142,457,896
SEA,JAC,122,562,44
SEA,BZN,104,406,229
SEA,HDN,144,672,96
SEA,SIT,138,367,590
SEA,OKC,228,634,303
SEA,RDU,320,868,121
SEA,PSC,62,303,347
SEA,CHS,330,833,52
SFO,CLT,312,954,3625
SFO,MSP,228,574,4869
SFO,DFW,216,1046,8927
SFO,IAH,234,964,6779
SFO,DEN,151,426,10324
SFO,ATL,288,1196,6218
SFO,ORD,260,650,14517
SFO,LAX,83,352,26509
SFO,PHX,117,336,9643
SFO,EWR,344,1312,9882
SFO,LGB,80,297,1973
SFO,SLC,115,452,6149
SFO,SAN,88,372,13515
SFO,MIA,344,938,2030
SFO,DTW,284,1077,2613
SFO,SBP,62,156,2025
SFO,SMF,50,198,3079
SFO,IAD,320,1045,7025
SFO,DCA,327,1428,1313
SFO,FLL,343,972,2469
SFO,PHL,339,1371,4097
SFO,MMH,66,240,262
SFO,CEC,91,261,348
SFO,LIH,316,804,856
SFO,BZN,142,611,360
SFO,OGG,306,1186,2813
SFO,KOA,308,856,1369
SFO,SUN,115,527,303
SFO,MKE,250,922,757
SFO,DAL,212,1047,2625
SFO,JAC,133,422,326
SFO,RDD,65,260,1412
SFO,ANC,273,736,329
SFO,BWI,326,1203,578
SFO,PIT,299,1294,529
SFO,OTH,91,414,477
SFO,MTJ,130,637,58
SFO,HDN,137,344,26
SFO,OMA,198,968,2
SFO,SMX,63,296,811
SFO,MSO,134,474,90
SFO,MSN,238,609,3
SGF,ORD,97,335,3868
SGF,ATL,106,519,2557
SGF,DEN,118,464,1156
SGF,DFW,85,366,4278
SGF,CLT,139,507,223
SHV,DFW,62,195,4363
SHV,ATL,102,385,3996
SHV,IAH,60,280,2880
SHV,DEN,138,576,622
SIT,KTN,51,236,662
SJC,SLC,112,487,3325
SJC,PHX,107,381,6181
SJC,MSP,225,744,915
SJC,LAS,78,374,5558
SJC,LAX,75,277,12390
SJC,ORD,261,740,1301
SJC,OGG,308,1003,1330
SJC,ONT,66,300,2608
SJC,DEN,148,718,4174
SJC,AUS,207,692,1211
SJC,SNA,71,257,5351
SJC,KOA,310,1078,385
SJC,HNL,321,1386,1107
SJC,MDW,256,1100,656
SJC,LIH,319,1166,380
SJC,DAL,206,663,589
SJU,EWR,236,1068,2356
SJU,JFK,231,780,8777
SJU,BOS,236,903,2080
SJU,MCO,171,822,7073
SJU,BDL,229,696,898
SJU,MIA,160,730,4849
SJU,FLL,155,653,5546
SJU,TPA,175,729,2169
SJU,IAH,267,670,1042
SJU,STT,34,139,1386
SJU,ATL,217,993,2824
SJU,DFW,293,1253,1166
SJU,STX,38,117,665
SLC,ATL,225,792,5075
SLC,IAH,184,538,3997
SLC,DFW,159,676,5864
SLC,LAX,112,322,11035
SLC,DEN,85,238,11938
SLC,MSP,154,543,3700
SLC,DTW,215,736,2771
SLC,ORD,196,762,5149
SLC,MDW,188,699,1523
SLC,CDC,58,167,1142
SLC,CLT,246,943,1230
SLC,EWR,280,1123,578
SLC,BZN,78,326,2113
SLC,CNY,54,137,410
SLC,FCA,100,478,1763
SLC,FAR,139,546,481
SLC,BOI,68,286,3149
SLC,RDM,97,331,1186
SLC,PSC,97,367,1859
SLC,COD,76,358,673
SLC,GCC,86,223,660
SLC,JAC,58,260,1886
SLC,MSO,89,256,1995
SLC,HNL,377,1063,645
SLC,GJT,63,207,1234
SLC,SGU,67,300,2381
SLC,OMA,140,501,963
SLC,MSY,205,721,607
SLC,MSN,174,857,407
SLC,MCI,146,379,1220
SLC,ANC,274,1254,196
SLC,WYS,67,238,415
SLC,XNA,154,530,2
SLC,HOU,172,670,18
SLC,MEM,184,810,109
SLC,DAL,154,394,228
SMF,DEN,141,414,4736
SMF,PHX,109,378,6298
SMF,DFW,209,544,2594
SMF,LAX,84,271,10973
SMF,IAH,228,855,1276
SMF,SLC,99,331,2949
SMF,IAD,315,1274,465
SMF,LAS,80,387,4971
SMF,HNL,329,955,666
SMF,SAN,85,388,5549
SMF,MDW,246,681,815
SMF,OGG,313,1305,667
SMF,DAL,201,524,473
SNA,IAH,196,755,2926
SNA,PHX,73,247,7630
SNA,DFW,181,482,5604
SNA,ATL,262,1119,1921
SNA,MSP,217,966,1828
SNA,DEN,134,541,6615
SNA,SFO,84,324,8419
SNA,EWR,326,914,1468
SNA,ORD,245,1037,4224
SNA,SLC,107,521,3124
SNA,SMF,80,202,4226
SNA,MDW,238,917,308
SNA,STL,217,859,80
SPI,ORD,60,223,1910
SPI,DFW,117,490,1128
STC,ORD,93,331,154
STL,DFW,103,347,4953
STL,MIA,169,692,1196
STL,ATL,93,272,7006
STL,LAS,192,774,2839
STL,PHX,182,517,4224
STL,ORD,74,338,5202
STL,SFO,244,762,1752
STL,CLT,113,557,1872
STL,MDW,61,251,4155
STL,SLC,173,697,952
STL,LGA,151,641,3023
STL,DTW,90,414,2637
STL,BOS,164,446,1322
STL,TPA,132,595,1450
STL,EWR,151,670,3506
STL,HOU,114,533,2406
STL,OKC,81,216,829
STL,TUL,68,302,665
STL,MSP,87,260,4504
STL,FLL,160,604,977
STL,RSW,147,539,1082
STL,TTN,142,639,6
STL,SAN,212,802,365
STT,ATL,223,760,1251
STT,MIA,166,503,1858
STX,MIA,171,844,1069
SUN,SLC,57,161,1204
SUX,ORD,97,300,1180
SWF,TPA,172,849,2
SWF,PBI,178,638,2
SWF,RSW,182,763,1
SYR,JFK,72,338,1961
SYR,ORD,116,505,3125
SYR,CLT,117,438,1180
SYR,IAD,82,218,48
SYR,ATL,131,557,1917
TLH,MIA,85,325,844
TLH,DFW,137,401,1269
TPA,EWR,162,669,4141
TPA,DFW,150,480,4909
TPA,JFK,166,694,4980
TPA,BOS,184,670,2165
TPA,ATL,86,379,14053
TPA,DEN,213,898,3145
TPA,ORD,161,799,4781
TPA,LGA,168,811,3800
TPA,CLT,99,317,5708
TPA,BWI,136,595,4284
TPA,DTW,153,553,4248
TPA,PHX,249,866,1987
TPA,LAX,294,1100,1200
TPA,MIA,63,208,3969
TPA,DCA,134,524,5295
TPA,MSP,190,725,2133
TPA,HOU,124,509,1920
TPA,FLL,56,165,3802
TPA,BNA,102,309,2398
TPA,IAH,130,630,3481
TPA,IND,130,469,1797
TPA,PHL,152,622,4727
TPA,CAK,135,567,738
TPA,AUS,141,440,669
TPA,BUF,154,552,1106
TPA,FNT,155,500,458
TPA,PIT,134,338,1678
TPA,MCI,155,434,979
TPA,ILG,150,656,68
TPA,DAY,130,390,233
TPA,ORF,116,489,18
TPA,SLC,274,1347,2
TPA,SFO,362,1643,1
TRI,ATL,63,313,3818
TTN,ATL,128,406,642
TTN,RDU,81,344,546
TTN,CVG,106,303,6
TTN,FLL,164,710,449
TTN,RSW,165,749,322
TTN,MSP,162,481,304
TTN,PBI,164,569,108
TTN,IND,116,556,4
TTN,MCO,150,404,951
TTN,MDW,126,560,88
TTN,BNA,123,461,4
TTN,UST,131,449,284
TTN,TPA,154,674,359
TTN,MKE,125,611,4
TTN,CLT,101,303,583
TTN,ORD,126,511,441
TUL,DFW,67,203,5136
TUL,ATL,115,409,3017
TUL,DAL,57,155,1852
TUL,IAH,93,457,3529
TUL,ORD,114,311,4033
TUL,MDW,100,482,650
TUL,SLC,148,446,577
TUL,PHX,141,355,1174
TUL,IAD,170,663,10
TUL,LAS,158,553,665
TUL,EWR,206,594,6
TUL,MIA,179,722,93
TUL,AUS,138,572,1
TUS,SFO,131,444,1273
TUS,IAH,151,464,2263
TUS,DEN,114,392,3694
TUS,LAX,90,261,5229
TUS,MDW,202,595,987
TUS,ORD,211,696,1194
TUS,DFW,134,480,4277
TUS,SLC,111,379,1877
TUS,SAN,70,343,1828
TUS,HOU,140,456,16
TVC,ORD,68,274,3395
TWF,SLC,52,236,1611
TYR,DFW,50,203,3067
TYS,DFW,135,521,3141
TYS,IAD,90,433,42
TYS,ORD,100,306,4033
TYS,DEN,182,738,558
TYS,IAH,134,628,1521
TYS,EWR,120,501,574
VEL,SLC,45,208,397
VLD,ATL,62,192,1846
VPS,ATL,69,228,4376
VPS,IAH,106,513,1751
VPS,DFW,123,383,3360
WRG,PSG,24,89,651
XNA,ORD,106,437,4963
XNA,DFW,73,197,4280
XNA,DEN,115,484,723
XNA,SFO,228,631,102
YAK,CDV,49,194,652
YUM,PHX,57,149,3710
