Tipodedocumento,Numero
DNI,94518002
DNID,09590118
LE,23669818
DNI,72640207
DNIT,64248314
DNI–EA,57199060
DNID,69709587
DNID,20997523
LC,84310593
LC,17390500
DNI–EB,70980781
LC,53506188
DNI–EB,80253939
DNIT,32282147
DNI–EB,35057946
DNI–EB,40814863
LC,43208142
DNIC,08464760
DNI–EA,88003132
DNIC,65917252
DNIC,76085986
DNI–EA,26585879
LC,48605549
DNI–EB,66643773
DNIT,55664487
LE,08886415
DNIT,59028191
LE,63686663
LC,87597502
DNI–EB,02320286
DNI–EA,54137857
LC,20026951
DNID,47958457
LE,02812542
DNI–EB,34965380
DNID,00170137
LE,09799902
LC,47727985
DNIC,09191483
DNIC,01038559
LC,73314119
DNIC,04416248
DNI–EA,56707555
DNI–EB,53595613
DNI–EA,75759240
DNID,80171003
DNIC,51951292
DNIT,80028019
DNI–EA,11906803
LC,77861133
LE,67757306
DNID,29156747
LE,73554655
DNIC,64476485
DNIC,37198286
LE,82827237
DNIT,69426282
DNIT,14460721
DNI,64553182
DNI,15024631
DNIC,68071681
DNI–EA,18262805
DNI–EB,10101364
DNID,59619174
LE,09966801
DNI,34335785
DNID,05937776
DNI–EA,82821181
DNID,35187758
DNI,21511846
DNID,12675066
DNI–EA,39710064
DNIT,14292256
LC,57618096
LC,16294532
DNI–EA,41375829
DNI–EA,37450018
DNID,44318707
DNI–EB,91869264
DNI–EA,94356300
LC,03214161
DNI–EB,98842797
DNIT,72229141
DNI–EB,59132442
DNIC,12296481
DNIC,08391659
DNIT,65168992
DNI–EB,55693275
LE,68912469
DNI–EA,80632922
DNI–EB,10670664
DNIT,53191524
DNID,56027706
DNI–EB,48068434
DNI,85126467
DNIC,95770429
DNIT,23083546
DNI,14831028
DNI,15219698
LC,36663266
DNI–EB,90968132
DNI–EA,40878533
DNI–EB,95465976
DNID,52174386
DNIT,00326410
LE,26878615
DNIT,38776313
LC,94934834
DNIT,24375696
DNI–EB,36727796
DNIC,12192850
DNIC,59503383
LC,96092315
LE,93686886
LE,44969778
DNI,17735853
LE,20631565
DNID,51759799
DNIC,90448038
DNI–EA,76343796
DNI–EA,17010765
LC,73286074
DNIT,49153026
DNI–EB,76183466
DNIT,10771304
DNIC,25491809
LE,76519001
DNI–EB,19526765
LC,30208525
LE,51583936
DNIT,51547949
DNIT,95537895
DNIC,77711424
DNID,38533549
LC,23411176
DNI,67879521
DNIC,01370309
DNI–EA,84664296
LC,58884435
DNI–EA,60270315
DNIC,46928373
DNI,80939901
DNIC,41126325
DNIT,56684773
DNI,44713701
DNI–EB,18599780
DNIT,18607155
LC,00334874
LE,54164611
DNIT,33360675
DNIT,77455742
DNIT,22920198
DNI,64704897
DNI–EA,68428170
DNI–EA,54031496
DNID,40623433
LC,58726750
LC,19051088
DNI–EB,48402178
LE,23311974
DNI,45538573
DNIC,37653838
DNI,17758365
DNI–EA,79399474
LE,26567616
DNIT,82736041
DNID,53060789
DNI,90466542
DNIT,30246880
LC,51471995
DNIC,00416296
LC,91946344
DNI–EB,05004903
LC,57046276
DNI–EB,40550471
DNIT,71132135
LC,89864034
DNI–EB,67329802
DNI–EA,13029118
LE,67296348
DNIC,00869632
DNID,65010657
DNIC,78840590
DNIC,31596600
DNI–EB,07363868
DNI,62701704
DNIC,96137015
DNID,12847129
DNIT,29237546
DNI–EB,34540942
DNID,30409953
DNI,60530363
DNID,82185610
DNIC,55925627
DNID,87085895
DNI,11052606
DNIC,04973335
LC,24222820
DNIC,57300433
DNI–EA,83932226
DNID,11907976
DNIT,69883885
DNIT,60299855
DNI,27717945
DNIC,09942367
DNID,19133556
DNIC,80320586
DNI–EA,87355576
DNIT,41629193
LC,48317521
LE,17173036
DNIC,92944040
DNI–EB,65313584
DNID,90721345
DNI,51221396
DNIC,29919783
LE,47975721
DNI,54600565
LC,69608464
DNIT,54619997
DNID,42173995
LC,44285817
DNI–EA,80494446
DNIT,20142894
DNIC,30566199
LC,44613936
DNID,66139163
DNID,93709222
DNIT,43225947
DNID,51644880
DNIC,88438616
DNI–EA,25146196
LC,52785069
DNI–EA,33783907
DNIT,73591662
DNIT,84525066
DNI–EA,90277774
LC,83469407
DNI–EA,66998005
DNIC,23258031
DNI,95645379
DNID,16481860
DNI,52708620
DNIT,45689494
LC,68807225
DNIC,70496058
DNID,56047156
DNID,78545025
DNI,56858532
DNIC,14055761
DNIT,48934189
DNI,01156231
DNID,10350806
DNID,08499853
DNI–EB,32465168
LE,73815804
DNI–EB,33633842
DNI,33550411
DNIC,74572670
DNI–EA,14509011
LE,53930446
LC,68208927
DNI,12915721
DNI–EA,90322734
LE,66088920
DNIC,31348300
DNI–EA,71611155
DNI–EB,01966538
DNI–EA,43470966
DNI,07512324
DNIC,62920086
DNIC,36304199
DNIT,45754568
LC,39563831
DNI,31642907
DNIC,45127435
DNIT,99646885
LE,08486180
LC,32245076
DNI,56130584
DNIT,66335422
DNI,53240161
DNIT,22231244
DNID,32327923
DNIC,90883955
DNIC,01809112
LC,21463820
DNI–EB,09960604
DNI–EB,25282401
DNI–EB,98643265
DNI,27814069
DNIT,81427593
DNID,38968748
LE,35134817
DNI,74773942
DNID,70496262
DNIC,27170358
DNI–EB,37036526
LE,22021684
DNI,58828886
LE,25553934
DNI–EA,08483927
DNIC,25477359
DNI–EB,14330308
LE,13482058
DNI–EA,13105174
DNIT,36313363
DNIT,38491270
DNID,14380370
DNIT,94217933
DNIT,56837746
DNIT,13170139
DNID,52056647
DNI–EB,29277614
LC,99427283
DNI–EA,18307405
DNI,60295303
DNIT,98036288
DNIC,50787028
DNI–EB,23666293
DNIC,84234002
DNI–EB,89314556
DNI–EA,29222929
DNIC,56672942
DNI–EB,65307609
DNI,03090458
DNI–EB,40973341
DNIT,47360853
DNI,16389952
LC,75743657
LC,92160023
DNIC,84852628
DNIT,54107886
DNI,51203607
DNID,82265211
DNI–EB,60267405
DNI–EA,59593683
DNI,82742028
DNIT,93866346
DNID,65355389
DNI–EB,56892584
DNI–EB,08016747
DNID,49119048
DNID,75814265
DNI–EB,14137508
DNIT,14539753
LE,05867046
DNI–EA,48957858
DNIC,37113742
DNI–EA,63086314
DNI,22089580
DNIC,44391934
LE,70069559
LE,54189870
LE,05706819
DNI,58413926
LE,40344743
DNI–EB,69633004
DNIC,12047466
LE,30028656
DNID,09454242
DNIC,24619228
DNI–EB,02599156
DNI,05747235
DNIC,42363034
DNI–EB,63806953
DNIT,53400492
DNIT,80830525
LE,96079033
LE,39828036
DNI–EB,98457712
DNID,27156394
DNI–EB,71341345
DNIC,02741766
DNID,03172076
DNIC,08609749
DNIT,36586201
LE,49145133
DNI–EA,52852780
DNI–EA,61110366
LE,02222155
DNID,01180366
LE,71625956
DNI,51689134
DNIT,98984553
DNI–EB,97780594
DNI–EB,35631630
DNI,73722010
LE,05348818
DNID,32784331
DNI,97376271
DNIT,11575297
DNI–EB,01480652
DNID,32230500
LE,47721174
DNI,72124322
DNI–EA,97564474
DNI,33942794
DNIC,22962303
DNID,88476630
DNID,84350529
LE,03068006
LC,75994403
DNI,92757589
DNIT,15708093
DNI–EA,05638389
DNIT,09972596
DNI,12991926
DNI–EB,39371060
LC,03240840
DNIT,36335698
DNID,89609160
LE,33746342
DNI,15863879
LE,59792014
DNID,71673780
DNIT,39752205
DNI,19689687
DNI–EB,48156556
DNI–EA,56695803
DNIT,62498087
LC,50992790
DNI–EB,79251001
DNI,51045270
DNI–EA,34965878
DNID,82059576
LC,16908328
DNI–EA,08725383
LE,82753807
LC,58019823
LC,38463210
LC,68051986
DNIT,50595758
DNID,79177580
DNI,68711295
DNIT,56798802
DNIC,73972708
DNID,67614349
LC,05304188
DNIC,35171726
DNIT,95263802
DNI–EA,75451541
DNID,24671892
DNIC,00858507
LC,67142608
LC,62075164
DNI–EA,70892232
DNI–EA,38215929
DNIC,02343703
DNID,43292344
DNI–EA,44912439
DNID,05420352
DNI–EA,58792713
DNID,58515109
DNIC,61636716
DNIC,41721236
DNIC,47035552
DNIT,28218572
DNIC,20272373
DNID,32819078
DNI–EB,45349237
DNID,29096305
LC,39442803
DNI,73601809
DNI–EB,01539140
DNI,31958010
DNI–EB,00492581
DNIT,64697410
DNI–EB,19784411
DNIC,20122104
DNI–EB,02812856
DNIC,09286762
DNIT,67062673
DNIC,72991909
DNI,72096007
DNID,00353106
DNIT,94005101
DNIC,87105109
DNIC,39112531
DNI–EB,22465560
DNI,53190292
DNID,80838197
DNIC,04609053
DNIT,29611273
LC,25923314
DNI–EA,59982468
DNIT,30645196
DNIC,61240878
DNID,43052404
DNI–EB,14297813
DNIC,14222433
LC,04511819
DNI–EB,24126384
DNI–EA,54244155
DNI,95483328
LC,73099067
DNI–EB,41091593
DNI–EA,85729955
DNI,10719789
DNID,69613064
LC,26096552
DNIC,89425383
DNIC,65688265
LC,47459738
DNIT,93035630
DNI,14066972
DNI–EB,58969916
DNID,33964944
DNI,69034546
DNI–EB,86808392
LE,62858725
DNIT,91439168
DNID,64355929
DNI,06497674
DNI–EA,58653456
DNIT,32765607
LE,85329917
DNI–EB,22732320
DNIT,16664836
DNI–EB,49345297
DNI,45549708
DNI,18202383
DNI–EA,67927398
LE,59463089
DNI–EA,68089564
DNIC,16853035
DNIT,55387776
DNIT,04496029
DNI–EA,72505450
DNI–EB,28043597
DNIT,77389047
LC,30486607
DNI–EA,83708647
DNID,98694592
LE,15545431
DNIT,03191808
DNI–EB,54798711
DNI–EA,26679330
DNID,43238136
DNIT,02969130
LC,62098613
LC,78105006
LE,19794483
DNI–EB,41820709
DNI–EA,36061656
DNI,80992487
DNI,48531901
DNI–EA,07261629
LE,75904543
DNI–EA,66881961
LC,88388820
DNIC,59123285
DNI–EA,06009114
DNIT,52366250
DNI,71411119
DNI–EB,94136080
LE,99444543
DNI,34338146
DNIC,01477500
DNIC,04246110
DNI–EB,79215769
DNI–EB,14687746
LC,50229116
DNI–EA,22659729
DNIT,57791523
DNI–EA,53415298
DNIT,64563519
LC,83943450
DNID,45056935
DNIT,19167100
DNI,34111412
LE,11164805
DNI–EB,39369538
DNIC,50186598
DNID,15545852
LC,67058289
DNIT,01993851
DNIT,48602350
DNIT,05676256
DNI,57605201
DNI–EB,93502088
DNI–EA,05274783
DNIC,71080100
DNID,14570840
DNIT,08126687
DNI–EA,61765399
DNI–EB,52503332
DNI–EA,81030074
LE,90067481
LE,19165748
LE,01836866
DNI–EB,07670573
LC,51245781
DNID,56239690
LE,84194127
LC,78490594
DNI–EB,08589016
DNIC,86482004
DNI–EA,01359315
DNI–EA,95599819
DNI–EB,74898086
LE,69488737
LE,78784105
DNID,52645535
DNI–EB,05119438
DNIC,52356475
DNIT,48143779
DNIC,10636687
DNIC,67469893
DNI–EB,27866500
DNI–EA,60342658
DNI,17015380
DNID,26902738
DNI,74892595
LC,42938235
DNI–EA,31241186
DNI,99646333
DNIC,30028059
DNI,54392489
DNI,10594036
LC,19303252
LC,29681232
DNI,77578935
DNID,27404310
DNID,56469061
DNIT,92840763
DNIC,78209555
DNIT,67485043
DNI,65808995
LE,95565488
DNIT,11245077
DNIT,30589176
DNI–EA,34875873
DNIT,66994058
DNIT,66800819
LC,57731758
LE,93993115
LE,65354082
DNID,33127535
LC,47473030
DNIT,14327082
LC,82758624
LC,42949674
DNI,52767150
DNIC,83861167
DNI–EA,50529934
LE,99017354
DNID,16957496
DNIC,32303678
DNI,07461163
DNIC,24005783
DNI–EB,08173254
LC,47827409
DNID,27110310
DNI,52171798
DNI–EA,32283662
DNIC,72450270
DNIT,44086811
DNIC,45472912
DNIT,72251371
LC,81828676
DNIT,22714416
LC,65758578
DNI–EB,55474028
DNID,08358859
DNI,62522877
DNI–EB,55191569
LE,05194160
DNI–EB,18078841
LC,00833648
DNI–EA,11390447
DNID,78260064
LE,75846879
DNI,48413996
LC,68451515
LC,18336067
LC,15520920
DNI,46400777
DNID,52872075
DNIC,44646445
DNIC,49466671
DNIT,21900393
LC,36876552
DNI–EB,83515007
LE,94938089
DNIC,42976838
DNI–EB,42323409
DNID,74646268
LE,75051896
DNID,04388363
LE,04250976
DNI,92431958
DNIC,27633080
LC,62781525
DNI–EB,50238791
DNI,95824581
DNI,51537272
DNIT,11982885
DNIC,17708386
DNI–EB,07849258
DNIC,74647333
DNIC,67429377
DNIC,99540759
DNI–EA,94258778
DNI–EA,66748482
DNI,27499288
DNIC,72334305
DNI,67946468
DNI,04217625
DNIC,30821568
LC,96819775
DNI–EA,91538764
LC,41699502
DNID,92968190
DNID,49953884
LC,55019037
DNI,93946974
DNIT,07722019
DNIT,00406749
DNI,41185923
DNI–EB,76246161
DNID,85405069
DNIT,92951191
LC,40269645
DNID,13667269
LE,59185315
DNIT,30227691
DNI–EB,57356618
DNIC,74420074
LE,11375995
DNI,39505956
LE,00760826
LE,77472740
DNI–EB,97481209
DNID,33528175
LC,51619922
DNI–EB,14698316
DNID,90955186
DNIC,52008821
DNIT,67765298
DNI–EB,82609753
DNID,91536137
DNIC,05787970
DNIT,92117217
DNIC,22869734
LC,17894836
DNIT,80239787
DNID,49081803
DNIC,39929529
DNI,65241265
DNIT,29496691
DNI–EA,88163507
DNI–EA,54821814
DNIT,66461991
DNIT,36802936
DNID,45381116
LE,99642306
LE,21435942
DNI–EA,05833324
DNID,92330529
DNIT,71623095
LC,92022291
DNI,07498636
DNI–EA,86919812
DNI–EB,13253580
DNI–EA,50798613
DNIC,36170863
DNIC,35208304
LE,41594746
DNI–EB,87362792
DNI–EB,02654623
LE,09617972
DNI–EA,44616804
DNI,76259553
DNI,23406127
DNI–EB,96661658
LE,88434486
LC,83402635
DNIC,75562727
DNIC,36981129
DNIT,17463434
DNI–EA,47733038
DNIT,73558272
DNIC,33358974
LC,82526551
DNIC,74720138
LE,16726946
DNIT,52067960
DNI–EA,12081147
DNI–EB,88566282
DNIT,63230106
DNI,67097069
LC,66014460
DNIC,83744433
DNID,50476132
DNI–EB,10194631
DNIT,64333597
LE,94873036
DNIT,07932043
DNI–EA,61938631
DNIC,33203996
DNIT,60843503
LE,93692625
LE,55674688
DNIT,91630033
DNI–EB,62716339
DNID,40594661
LC,26037122
LC,08752800
LC,80404827
DNI–EA,78534094
LE,29536378
LC,71785253
DNI–EB,80966234
DNIT,43305775
DNID,81477231
LC,66631001
DNI–EA,67822192
LE,43694382
DNI–EA,52550303
DNI–EB,97896110
DNIC,99515475
DNIT,82943950
DNI–EB,21070277
DNI–EA,87027980
LE,78249348
LE,16472585
DNID,55246196
DNID,06450674
DNI–EA,39599517
DNID,89802179
DNID,48150883
DNI,87250555
LC,55049405
DNI,33962720
DNI,54442013
LC,55451140
DNI,14326770
LC,56492123
DNID,59100891
DNI–EA,86012547
LE,28941572
DNI–EB,12791451
DNI–EB,37972352
DNIC,09414072
DNI,26767931
LC,31708670
DNI,37123146
DNID,15015360
DNI–EB,44786458
LE,53787343
DNIT,12215428
DNI–EA,45834473
DNI,99965475
LC,45733621
DNIC,46314618
DNIC,30468082
LC,08773706
DNI–EA,17306237
DNI,50024194
LC,59412948
DNI,37043405
LC,71736301
LE,76835554
DNIT,00412702
DNI–EA,06971859
DNIC,17569659
DNIC,71301243
DNI–EB,73924731
DNI,61743750
DNI–EA,51753231
LC,33346612
DNI–EB,67492847
DNIT,19082827
DNID,13866633
DNI–EA,33371011
DNI,74196255
DNIT,45159432
DNI–EA,29865905
LE,38400061
DNID,46032634
DNI,57202048
LC,34782466
LE,11745134
LE,50128026
DNID,69134717
LC,40895279
DNI–EB,34154415
DNI,81843294
DNID,32223323
DNI–EB,03219845
LE,90715971
DNIT,37670632
DNIT,69622346
DNID,96275084
LE,57115118
LC,27872058
DNIT,89046101
DNI–EA,98094023
DNI–EA,24983615
DNIC,70417390
DNI,03571231
LC,54060515
DNIC,76425293
DNIC,87283616
LC,25687408
DNI–EA,50252727
DNI,04925012
LC,64157451
DNI,42336727
DNI–EA,53923639
LC,55230066
DNI–EB,20784509
DNID,26238967
LE,03645606
DNID,45164340
DNI–EA,36484365
DNID,77921404
DNI,63713133
LC,58069589
LC,46032112
LC,28217738
DNI–EA,26888866
DNI–EB,08946613
DNID,96570855
DNIC,26698709
DNIT,20124277
DNID,98743666
DNIT,46598828
DNIC,91831512
LE,05229679
DNIC,52243752
DNI–EA,16139680
DNID,32634493
DNI,59051587
DNIT,04659565
DNIT,17276515
LE,16800939
LE,28897833
DNI–EB,31343028
LE,92331340
DNI–EB,52715626
DNI–EA,31700263
DNI–EB,58983450
DNI–EB,55957705
DNIT,61091281
LC,07153732
LE,89262845
DNI–EA,16988494
DNI–EB,09112736
DNI–EB,67554642
LE,74659025
LC,18352057
DNI–EB,93431708
LC,87301660
DNI–EB,55831689
LE,86119718
DNI,22626383
LE,83567640
LC,69136182
DNID,67939328
DNIT,50657698
DNI–EA,01539387
DNI–EA,83891597
LC,25409451
DNI–EB,26331961
LE,13524769
DNID,38615710
DNI–EA,29235446
LE,14387051
DNIT,90638240
DNID,72208905
DNIC,52288858
DNI–EB,10305492
LC,83024462
DNI–EB,22456058
DNI,91582460
DNI–EA,40184242
DNIT,99936297
DNI,38490807
DNI–EB,58080822
DNI,01417662
DNI–EB,77476337
DNI–EA,19938718
DNIT,82468666
LE,74082785
DNI,22491567
DNI–EB,64667832
DNID,61090107
DNIT,65113019
DNI–EA,19449835
LE,08352239
DNI–EB,51597390
DNID,10880351
DNI–EB,53507817
DNID,87591200
LC,58140538
DNI,04978305
LE,39529938
LE,59772319
